ISO-10303-21;
HEADER;
/* Generated by software containing ST-Developer
 * from STEP Tools, Inc. (www.steptools.com) 
 */
/* OPTION: using custom renumber hook */

FILE_DESCRIPTION(
/* description */ ('STEP AP242 Edition 2',
'CAx-IF Rec.Pracs.---Representation and Presentation of Product Manufa
cturing Information (PMI)---4.0---2014-10-13',
'CAx-IF Rec.Pracs.---3D Tessellated Geometry---0.4---2014-09-14','2;1',
'CAx-IF Rec.Pracs.---User Defined Attributes---1.5---2016-08-15'),
/* implementation_level */ '2;1');

FILE_NAME(
/* name */ '69981900828495d760ee57e8',
/* time_stamp */ '2026-02-20T08:19:13Z',
/* author */ (''),
/* organization */ (''),
/* preprocessor_version */ 'ST-DEVELOPER v20',
/* originating_system */ 'ONSHAPE BY PTC INC, 1.210',
/* authorisation */ '  ');

FILE_SCHEMA (('AP242_MANAGED_MODEL_BASED_3D_ENGINEERING_MIM_LF { 1 0 10303 442 3 1 4 }'));
ENDSEC;

DATA;
#10=DRAUGHTING_PRE_DEFINED_COLOUR('black');
#11=SHAPE_REPRESENTATION_RELATIONSHIP('','',#1892,#13);
#12=SHAPE_REPRESENTATION_RELATIONSHIP('','',#1893,#14);
#13=ADVANCED_BREP_SHAPE_REPRESENTATION('',(#1888),#2779);
#14=ADVANCED_BREP_SHAPE_REPRESENTATION('',(#1889),#2780);
#15=ELLIPSE('',#1982,0.000353553390593274,0.00025);
#16=ELLIPSE('',#1983,0.000353553390593274,0.00025);
#17=ELLIPSE('',#1985,0.000353553390593274,0.00025);
#18=ELLIPSE('',#1987,0.000353553390593274,0.00025);
#19=DEGENERATE_TOROIDAL_SURFACE('',#1974,0.0002,0.00025,.T.);
#20=DEGENERATE_TOROIDAL_SURFACE('',#1975,0.0002,0.00025,.T.);
#21=DEGENERATE_TOROIDAL_SURFACE('',#1976,0.0002,0.00025,.T.);
#22=DEGENERATE_TOROIDAL_SURFACE('',#1977,0.0002,0.00025,.T.);
#23=DEGENERATE_TOROIDAL_SURFACE('',#1978,0.0002,0.00025,.T.);
#24=DEGENERATE_TOROIDAL_SURFACE('',#1979,0.0002,0.00025,.T.);
#25=DEGENERATE_TOROIDAL_SURFACE('',#1980,0.0002,0.00025,.T.);
#26=CYLINDRICAL_SURFACE('',#1920,0.0005);
#27=CYLINDRICAL_SURFACE('',#1923,0.0005);
#28=CYLINDRICAL_SURFACE('',#1926,0.0005);
#29=CYLINDRICAL_SURFACE('',#1929,0.0005);
#30=CYLINDRICAL_SURFACE('',#1932,0.0005);
#31=CYLINDRICAL_SURFACE('',#1935,0.0005);
#32=CYLINDRICAL_SURFACE('',#1938,0.0005);
#33=CYLINDRICAL_SURFACE('',#1941,0.00045);
#34=CYLINDRICAL_SURFACE('',#1950,0.00045);
#35=CYLINDRICAL_SURFACE('',#1954,0.00045);
#36=CYLINDRICAL_SURFACE('',#1958,0.00045);
#37=CYLINDRICAL_SURFACE('',#1962,0.00045);
#38=CYLINDRICAL_SURFACE('',#1966,0.00045);
#39=CYLINDRICAL_SURFACE('',#1970,0.00045);
#40=CYLINDRICAL_SURFACE('',#1981,0.00025);
#41=CYLINDRICAL_SURFACE('',#1984,0.00025);
#42=CYLINDRICAL_SURFACE('',#1986,0.00025);
#43=CYLINDRICAL_SURFACE('',#1988,0.00025);
#44=CYLINDRICAL_SURFACE('',#2015,0.0055);
#45=CYLINDRICAL_SURFACE('',#2022,0.005);
#46=CYLINDRICAL_SURFACE('',#2026,0.005);
#47=CYLINDRICAL_SURFACE('',#2029,0.005);
#48=CYLINDRICAL_SURFACE('',#2035,0.0005);
#49=CYLINDRICAL_SURFACE('',#2036,0.0005);
#50=CYLINDRICAL_SURFACE('',#2037,0.0005);
#51=CYLINDRICAL_SURFACE('',#2038,0.0005);
#52=CYLINDRICAL_SURFACE('',#2039,0.0005);
#53=CYLINDRICAL_SURFACE('',#2040,0.0005);
#54=CYLINDRICAL_SURFACE('',#2041,0.0005);
#55=LINE('',#2442,#143);
#56=LINE('',#2445,#144);
#57=LINE('',#2447,#145);
#58=LINE('',#2449,#146);
#59=LINE('',#2450,#147);
#60=LINE('',#2453,#148);
#61=LINE('',#2455,#149);
#62=LINE('',#2457,#150);
#63=LINE('',#2473,#151);
#64=LINE('',#2476,#152);
#65=LINE('',#2477,#153);
#66=LINE('',#2478,#154);
#67=LINE('',#2481,#155);
#68=LINE('',#2483,#156);
#69=LINE('',#2485,#157);
#70=LINE('',#2487,#158);
#71=LINE('',#2489,#159);
#72=LINE('',#2491,#160);
#73=LINE('',#2493,#161);
#74=LINE('',#2495,#162);
#75=LINE('',#2498,#163);
#76=LINE('',#2500,#164);
#77=LINE('',#2502,#165);
#78=LINE('',#2504,#166);
#79=LINE('',#2506,#167);
#80=LINE('',#2508,#168);
#81=LINE('',#2510,#169);
#82=LINE('',#2512,#170);
#83=LINE('',#2549,#171);
#84=LINE('',#2551,#172);
#85=LINE('',#2553,#173);
#86=LINE('',#2555,#174);
#87=LINE('',#2557,#175);
#88=LINE('',#2559,#176);
#89=LINE('',#2561,#177);
#90=LINE('',#2563,#178);
#91=LINE('',#2565,#179);
#92=LINE('',#2568,#180);
#93=LINE('',#2570,#181);
#94=LINE('',#2572,#182);
#95=LINE('',#2640,#183);
#96=LINE('',#2645,#184);
#97=LINE('',#2647,#185);
#98=LINE('',#2649,#186);
#99=LINE('',#2653,#187);
#100=LINE('',#2655,#188);
#101=LINE('',#2659,#189);
#102=LINE('',#2660,#190);
#103=LINE('',#2663,#191);
#104=LINE('',#2665,#192);
#105=LINE('',#2667,#193);
#106=LINE('',#2683,#194);
#107=LINE('',#2686,#195);
#108=LINE('',#2688,#196);
#109=LINE('',#2690,#197);
#110=LINE('',#2691,#198);
#111=LINE('',#2694,#199);
#112=LINE('',#2696,#200);
#113=LINE('',#2698,#201);
#114=LINE('',#2700,#202);
#115=LINE('',#2703,#203);
#116=LINE('',#2704,#204);
#117=LINE('',#2706,#205);
#118=LINE('',#2708,#206);
#119=LINE('',#2710,#207);
#120=LINE('',#2712,#208);
#121=LINE('',#2714,#209);
#122=LINE('',#2722,#210);
#123=LINE('',#2725,#211);
#124=LINE('',#2729,#212);
#125=LINE('',#2731,#213);
#126=LINE('',#2735,#214);
#127=LINE('',#2737,#215);
#128=LINE('',#2739,#216);
#129=LINE('',#2743,#217);
#130=LINE('',#2744,#218);
#131=LINE('',#2746,#219);
#132=LINE('',#2748,#220);
#133=LINE('',#2750,#221);
#134=LINE('',#2752,#222);
#135=LINE('',#2754,#223);
#136=LINE('',#2756,#224);
#137=LINE('',#2758,#225);
#138=LINE('',#2760,#226);
#139=LINE('',#2763,#227);
#140=LINE('',#2764,#228);
#141=LINE('',#2766,#229);
#142=LINE('',#2768,#230);
#143=VECTOR('',#2060,1.);
#144=VECTOR('',#2061,1.);
#145=VECTOR('',#2062,1.);
#146=VECTOR('',#2063,1.);
#147=VECTOR('',#2064,1.);
#148=VECTOR('',#2065,1.);
#149=VECTOR('',#2066,1.);
#150=VECTOR('',#2067,1.);
#151=VECTOR('',#2084,1.);
#152=VECTOR('',#2085,1.);
#153=VECTOR('',#2086,1.);
#154=VECTOR('',#2087,1.);
#155=VECTOR('',#2088,1.);
#156=VECTOR('',#2089,1.);
#157=VECTOR('',#2090,1.);
#158=VECTOR('',#2093,1.);
#159=VECTOR('',#2094,1.);
#160=VECTOR('',#2095,1.);
#161=VECTOR('',#2098,1.);
#162=VECTOR('',#2101,1.);
#163=VECTOR('',#2106,1.);
#164=VECTOR('',#2107,1.);
#165=VECTOR('',#2108,1.);
#166=VECTOR('',#2111,1.);
#167=VECTOR('',#2112,1.);
#168=VECTOR('',#2115,1.);
#169=VECTOR('',#2116,1.);
#170=VECTOR('',#2119,1.);
#171=VECTOR('',#2174,1.);
#172=VECTOR('',#2175,1.);
#173=VECTOR('',#2176,1.);
#174=VECTOR('',#2179,1.);
#175=VECTOR('',#2180,1.);
#176=VECTOR('',#2183,1.);
#177=VECTOR('',#2184,1.);
#178=VECTOR('',#2187,1.);
#179=VECTOR('',#2190,1.);
#180=VECTOR('',#2191,1.);
#181=VECTOR('',#2192,1.);
#182=VECTOR('',#2193,1.);
#183=VECTOR('',#2290,1.);
#184=VECTOR('',#2293,1.);
#185=VECTOR('',#2294,1.);
#186=VECTOR('',#2295,1.);
#187=VECTOR('',#2298,1.);
#188=VECTOR('',#2299,1.);
#189=VECTOR('',#2302,1.);
#190=VECTOR('',#2303,1.);
#191=VECTOR('',#2304,1.);
#192=VECTOR('',#2305,1.);
#193=VECTOR('',#2306,1.);
#194=VECTOR('',#2323,1.);
#195=VECTOR('',#2324,1.);
#196=VECTOR('',#2325,1.);
#197=VECTOR('',#2326,1.);
#198=VECTOR('',#2327,1.);
#199=VECTOR('',#2328,1.);
#200=VECTOR('',#2329,1.);
#201=VECTOR('',#2330,1.);
#202=VECTOR('',#2333,1.);
#203=VECTOR('',#2334,1.);
#204=VECTOR('',#2335,1.);
#205=VECTOR('',#2338,1.);
#206=VECTOR('',#2339,1.);
#207=VECTOR('',#2342,1.);
#208=VECTOR('',#2343,1.);
#209=VECTOR('',#2346,1.);
#210=VECTOR('',#2357,1.);
#211=VECTOR('',#2358,1.);
#212=VECTOR('',#2361,1.);
#213=VECTOR('',#2362,1.);
#214=VECTOR('',#2365,1.);
#215=VECTOR('',#2366,1.);
#216=VECTOR('',#2367,1.);
#217=VECTOR('',#2372,1.);
#218=VECTOR('',#2373,1.);
#219=VECTOR('',#2376,1.);
#220=VECTOR('',#2379,1.);
#221=VECTOR('',#2382,1.);
#222=VECTOR('',#2385,1.);
#223=VECTOR('',#2388,1.);
#224=VECTOR('',#2391,1.);
#225=VECTOR('',#2394,1.);
#226=VECTOR('',#2397,1.);
#227=VECTOR('',#2402,1.);
#228=VECTOR('',#2403,1.);
#229=VECTOR('',#2406,1.);
#230=VECTOR('',#2409,1.);
#231=ORIENTED_EDGE('',*,*,#529,.F.);
#232=ORIENTED_EDGE('',*,*,#530,.F.);
#233=ORIENTED_EDGE('',*,*,#531,.F.);
#234=ORIENTED_EDGE('',*,*,#532,.F.);
#235=ORIENTED_EDGE('',*,*,#533,.F.);
#236=ORIENTED_EDGE('',*,*,#534,.F.);
#237=ORIENTED_EDGE('',*,*,#535,.F.);
#238=ORIENTED_EDGE('',*,*,#536,.F.);
#239=ORIENTED_EDGE('',*,*,#537,.F.);
#240=ORIENTED_EDGE('',*,*,#538,.T.);
#241=ORIENTED_EDGE('',*,*,#539,.T.);
#242=ORIENTED_EDGE('',*,*,#540,.F.);
#243=ORIENTED_EDGE('',*,*,#541,.T.);
#244=ORIENTED_EDGE('',*,*,#542,.T.);
#245=ORIENTED_EDGE('',*,*,#543,.F.);
#246=ORIENTED_EDGE('',*,*,#544,.T.);
#247=ORIENTED_EDGE('',*,*,#545,.T.);
#248=ORIENTED_EDGE('',*,*,#546,.T.);
#249=ORIENTED_EDGE('',*,*,#547,.T.);
#250=ORIENTED_EDGE('',*,*,#548,.T.);
#251=ORIENTED_EDGE('',*,*,#549,.T.);
#252=ORIENTED_EDGE('',*,*,#550,.T.);
#253=ORIENTED_EDGE('',*,*,#551,.T.);
#254=ORIENTED_EDGE('',*,*,#552,.T.);
#255=ORIENTED_EDGE('',*,*,#536,.T.);
#256=ORIENTED_EDGE('',*,*,#553,.F.);
#257=ORIENTED_EDGE('',*,*,#554,.F.);
#258=ORIENTED_EDGE('',*,*,#555,.F.);
#259=ORIENTED_EDGE('',*,*,#556,.T.);
#260=ORIENTED_EDGE('',*,*,#557,.T.);
#261=ORIENTED_EDGE('',*,*,#551,.F.);
#262=ORIENTED_EDGE('',*,*,#558,.F.);
#263=ORIENTED_EDGE('',*,*,#559,.T.);
#264=ORIENTED_EDGE('',*,*,#560,.T.);
#265=ORIENTED_EDGE('',*,*,#553,.T.);
#266=ORIENTED_EDGE('',*,*,#539,.F.);
#267=ORIENTED_EDGE('',*,*,#561,.F.);
#268=ORIENTED_EDGE('',*,*,#558,.T.);
#269=ORIENTED_EDGE('',*,*,#552,.F.);
#270=ORIENTED_EDGE('',*,*,#560,.F.);
#271=ORIENTED_EDGE('',*,*,#562,.T.);
#272=ORIENTED_EDGE('',*,*,#537,.T.);
#273=ORIENTED_EDGE('',*,*,#559,.F.);
#274=ORIENTED_EDGE('',*,*,#561,.T.);
#275=ORIENTED_EDGE('',*,*,#538,.F.);
#276=ORIENTED_EDGE('',*,*,#562,.F.);
#277=ORIENTED_EDGE('',*,*,#554,.T.);
#278=ORIENTED_EDGE('',*,*,#563,.F.);
#279=ORIENTED_EDGE('',*,*,#564,.T.);
#280=ORIENTED_EDGE('',*,*,#565,.T.);
#281=ORIENTED_EDGE('',*,*,#566,.F.);
#282=ORIENTED_EDGE('',*,*,#567,.F.);
#283=ORIENTED_EDGE('',*,*,#563,.T.);
#284=ORIENTED_EDGE('',*,*,#557,.F.);
#285=ORIENTED_EDGE('',*,*,#568,.F.);
#286=ORIENTED_EDGE('',*,*,#569,.F.);
#287=ORIENTED_EDGE('',*,*,#566,.T.);
#288=ORIENTED_EDGE('',*,*,#556,.F.);
#289=ORIENTED_EDGE('',*,*,#555,.T.);
#290=ORIENTED_EDGE('',*,*,#565,.F.);
#291=ORIENTED_EDGE('',*,*,#570,.T.);
#292=ORIENTED_EDGE('',*,*,#568,.T.);
#293=ORIENTED_EDGE('',*,*,#564,.F.);
#294=ORIENTED_EDGE('',*,*,#567,.T.);
#295=ORIENTED_EDGE('',*,*,#569,.T.);
#296=ORIENTED_EDGE('',*,*,#570,.F.);
#297=ORIENTED_EDGE('',*,*,#571,.F.);
#298=ORIENTED_EDGE('',*,*,#550,.F.);
#299=ORIENTED_EDGE('',*,*,#571,.T.);
#300=ORIENTED_EDGE('',*,*,#572,.F.);
#301=ORIENTED_EDGE('',*,*,#549,.F.);
#302=ORIENTED_EDGE('',*,*,#572,.T.);
#303=ORIENTED_EDGE('',*,*,#573,.F.);
#304=ORIENTED_EDGE('',*,*,#548,.F.);
#305=ORIENTED_EDGE('',*,*,#573,.T.);
#306=ORIENTED_EDGE('',*,*,#574,.F.);
#307=ORIENTED_EDGE('',*,*,#547,.F.);
#308=ORIENTED_EDGE('',*,*,#574,.T.);
#309=ORIENTED_EDGE('',*,*,#575,.F.);
#310=ORIENTED_EDGE('',*,*,#546,.F.);
#311=ORIENTED_EDGE('',*,*,#575,.T.);
#312=ORIENTED_EDGE('',*,*,#576,.F.);
#313=ORIENTED_EDGE('',*,*,#545,.F.);
#314=ORIENTED_EDGE('',*,*,#576,.T.);
#315=ORIENTED_EDGE('',*,*,#577,.F.);
#316=ORIENTED_EDGE('',*,*,#544,.F.);
#317=ORIENTED_EDGE('',*,*,#577,.T.);
#318=ORIENTED_EDGE('',*,*,#578,.T.);
#319=ORIENTED_EDGE('',*,*,#535,.T.);
#320=ORIENTED_EDGE('',*,*,#579,.T.);
#321=ORIENTED_EDGE('',*,*,#580,.F.);
#322=ORIENTED_EDGE('',*,*,#581,.T.);
#323=ORIENTED_EDGE('',*,*,#582,.T.);
#324=ORIENTED_EDGE('',*,*,#541,.F.);
#325=ORIENTED_EDGE('',*,*,#583,.F.);
#326=ORIENTED_EDGE('',*,*,#584,.T.);
#327=ORIENTED_EDGE('',*,*,#580,.T.);
#328=ORIENTED_EDGE('',*,*,#540,.T.);
#329=ORIENTED_EDGE('',*,*,#585,.F.);
#330=ORIENTED_EDGE('',*,*,#586,.T.);
#331=ORIENTED_EDGE('',*,*,#583,.T.);
#332=ORIENTED_EDGE('',*,*,#543,.T.);
#333=ORIENTED_EDGE('',*,*,#582,.F.);
#334=ORIENTED_EDGE('',*,*,#587,.T.);
#335=ORIENTED_EDGE('',*,*,#585,.T.);
#336=ORIENTED_EDGE('',*,*,#542,.F.);
#337=ORIENTED_EDGE('',*,*,#588,.T.);
#338=ORIENTED_EDGE('',*,*,#589,.T.);
#339=ORIENTED_EDGE('',*,*,#590,.T.);
#340=ORIENTED_EDGE('',*,*,#591,.T.);
#341=ORIENTED_EDGE('',*,*,#592,.T.);
#342=ORIENTED_EDGE('',*,*,#534,.T.);
#343=ORIENTED_EDGE('',*,*,#593,.T.);
#344=ORIENTED_EDGE('',*,*,#594,.T.);
#345=ORIENTED_EDGE('',*,*,#533,.T.);
#346=ORIENTED_EDGE('',*,*,#595,.T.);
#347=ORIENTED_EDGE('',*,*,#596,.T.);
#348=ORIENTED_EDGE('',*,*,#532,.T.);
#349=ORIENTED_EDGE('',*,*,#597,.T.);
#350=ORIENTED_EDGE('',*,*,#598,.T.);
#351=ORIENTED_EDGE('',*,*,#531,.T.);
#352=ORIENTED_EDGE('',*,*,#599,.T.);
#353=ORIENTED_EDGE('',*,*,#600,.T.);
#354=ORIENTED_EDGE('',*,*,#530,.T.);
#355=ORIENTED_EDGE('',*,*,#601,.T.);
#356=ORIENTED_EDGE('',*,*,#602,.T.);
#357=ORIENTED_EDGE('',*,*,#529,.T.);
#358=ORIENTED_EDGE('',*,*,#603,.T.);
#359=ORIENTED_EDGE('',*,*,#600,.F.);
#360=ORIENTED_EDGE('',*,*,#601,.F.);
#361=ORIENTED_EDGE('',*,*,#592,.F.);
#362=ORIENTED_EDGE('',*,*,#593,.F.);
#363=ORIENTED_EDGE('',*,*,#594,.F.);
#364=ORIENTED_EDGE('',*,*,#595,.F.);
#365=ORIENTED_EDGE('',*,*,#602,.F.);
#366=ORIENTED_EDGE('',*,*,#603,.F.);
#367=ORIENTED_EDGE('',*,*,#578,.F.);
#368=ORIENTED_EDGE('',*,*,#579,.F.);
#369=ORIENTED_EDGE('',*,*,#596,.F.);
#370=ORIENTED_EDGE('',*,*,#597,.F.);
#371=ORIENTED_EDGE('',*,*,#598,.F.);
#372=ORIENTED_EDGE('',*,*,#599,.F.);
#373=ORIENTED_EDGE('',*,*,#604,.F.);
#374=ORIENTED_EDGE('',*,*,#581,.F.);
#375=ORIENTED_EDGE('',*,*,#605,.F.);
#376=ORIENTED_EDGE('',*,*,#590,.F.);
#377=ORIENTED_EDGE('',*,*,#605,.T.);
#378=ORIENTED_EDGE('',*,*,#584,.F.);
#379=ORIENTED_EDGE('',*,*,#606,.F.);
#380=ORIENTED_EDGE('',*,*,#591,.F.);
#381=ORIENTED_EDGE('',*,*,#604,.T.);
#382=ORIENTED_EDGE('',*,*,#589,.F.);
#383=ORIENTED_EDGE('',*,*,#607,.F.);
#384=ORIENTED_EDGE('',*,*,#587,.F.);
#385=ORIENTED_EDGE('',*,*,#606,.T.);
#386=ORIENTED_EDGE('',*,*,#586,.F.);
#387=ORIENTED_EDGE('',*,*,#607,.T.);
#388=ORIENTED_EDGE('',*,*,#588,.F.);
#389=ORIENTED_EDGE('',*,*,#608,.F.);
#390=ORIENTED_EDGE('',*,*,#609,.F.);
#391=ORIENTED_EDGE('',*,*,#610,.F.);
#392=ORIENTED_EDGE('',*,*,#611,.F.);
#393=ORIENTED_EDGE('',*,*,#612,.F.);
#394=ORIENTED_EDGE('',*,*,#613,.F.);
#395=ORIENTED_EDGE('',*,*,#614,.F.);
#396=ORIENTED_EDGE('',*,*,#615,.T.);
#397=ORIENTED_EDGE('',*,*,#616,.T.);
#398=ORIENTED_EDGE('',*,*,#617,.T.);
#399=ORIENTED_EDGE('',*,*,#618,.F.);
#400=ORIENTED_EDGE('',*,*,#619,.F.);
#401=ORIENTED_EDGE('',*,*,#620,.T.);
#402=ORIENTED_EDGE('',*,*,#621,.F.);
#403=ORIENTED_EDGE('',*,*,#622,.T.);
#404=ORIENTED_EDGE('',*,*,#623,.T.);
#405=ORIENTED_EDGE('',*,*,#624,.F.);
#406=ORIENTED_EDGE('',*,*,#625,.F.);
#407=ORIENTED_EDGE('',*,*,#626,.T.);
#408=ORIENTED_EDGE('',*,*,#627,.T.);
#409=ORIENTED_EDGE('',*,*,#628,.F.);
#410=ORIENTED_EDGE('',*,*,#629,.T.);
#411=ORIENTED_EDGE('',*,*,#630,.T.);
#412=ORIENTED_EDGE('',*,*,#631,.T.);
#413=ORIENTED_EDGE('',*,*,#632,.T.);
#414=ORIENTED_EDGE('',*,*,#633,.T.);
#415=ORIENTED_EDGE('',*,*,#634,.T.);
#416=ORIENTED_EDGE('',*,*,#635,.T.);
#417=ORIENTED_EDGE('',*,*,#636,.T.);
#418=ORIENTED_EDGE('',*,*,#637,.T.);
#419=ORIENTED_EDGE('',*,*,#638,.F.);
#420=ORIENTED_EDGE('',*,*,#639,.F.);
#421=ORIENTED_EDGE('',*,*,#640,.F.);
#422=ORIENTED_EDGE('',*,*,#641,.T.);
#423=ORIENTED_EDGE('',*,*,#642,.T.);
#424=ORIENTED_EDGE('',*,*,#643,.F.);
#425=ORIENTED_EDGE('',*,*,#644,.T.);
#426=ORIENTED_EDGE('',*,*,#645,.F.);
#427=ORIENTED_EDGE('',*,*,#636,.F.);
#428=ORIENTED_EDGE('',*,*,#646,.T.);
#429=ORIENTED_EDGE('',*,*,#647,.F.);
#430=ORIENTED_EDGE('',*,*,#646,.F.);
#431=ORIENTED_EDGE('',*,*,#639,.T.);
#432=ORIENTED_EDGE('',*,*,#648,.T.);
#433=ORIENTED_EDGE('',*,*,#649,.F.);
#434=ORIENTED_EDGE('',*,*,#648,.F.);
#435=ORIENTED_EDGE('',*,*,#638,.T.);
#436=ORIENTED_EDGE('',*,*,#650,.T.);
#437=ORIENTED_EDGE('',*,*,#651,.T.);
#438=ORIENTED_EDGE('',*,*,#650,.F.);
#439=ORIENTED_EDGE('',*,*,#637,.F.);
#440=ORIENTED_EDGE('',*,*,#645,.T.);
#441=ORIENTED_EDGE('',*,*,#652,.F.);
#442=ORIENTED_EDGE('',*,*,#644,.F.);
#443=ORIENTED_EDGE('',*,*,#647,.T.);
#444=ORIENTED_EDGE('',*,*,#649,.T.);
#445=ORIENTED_EDGE('',*,*,#651,.F.);
#446=ORIENTED_EDGE('',*,*,#653,.F.);
#447=ORIENTED_EDGE('',*,*,#652,.T.);
#448=ORIENTED_EDGE('',*,*,#654,.F.);
#449=ORIENTED_EDGE('',*,*,#655,.T.);
#450=ORIENTED_EDGE('',*,*,#656,.F.);
#451=ORIENTED_EDGE('',*,*,#657,.F.);
#452=ORIENTED_EDGE('',*,*,#658,.T.);
#453=ORIENTED_EDGE('',*,*,#659,.F.);
#454=ORIENTED_EDGE('',*,*,#660,.T.);
#455=ORIENTED_EDGE('',*,*,#661,.T.);
#456=ORIENTED_EDGE('',*,*,#662,.F.);
#457=ORIENTED_EDGE('',*,*,#663,.F.);
#458=ORIENTED_EDGE('',*,*,#653,.T.);
#459=ORIENTED_EDGE('',*,*,#654,.T.);
#460=ORIENTED_EDGE('',*,*,#664,.F.);
#461=ORIENTED_EDGE('',*,*,#615,.F.);
#462=ORIENTED_EDGE('',*,*,#665,.T.);
#463=ORIENTED_EDGE('',*,*,#663,.T.);
#464=ORIENTED_EDGE('',*,*,#666,.F.);
#465=ORIENTED_EDGE('',*,*,#616,.F.);
#466=ORIENTED_EDGE('',*,*,#664,.T.);
#467=ORIENTED_EDGE('',*,*,#662,.T.);
#468=ORIENTED_EDGE('',*,*,#667,.F.);
#469=ORIENTED_EDGE('',*,*,#617,.F.);
#470=ORIENTED_EDGE('',*,*,#666,.T.);
#471=ORIENTED_EDGE('',*,*,#661,.F.);
#472=ORIENTED_EDGE('',*,*,#668,.F.);
#473=ORIENTED_EDGE('',*,*,#618,.T.);
#474=ORIENTED_EDGE('',*,*,#667,.T.);
#475=ORIENTED_EDGE('',*,*,#660,.F.);
#476=ORIENTED_EDGE('',*,*,#669,.F.);
#477=ORIENTED_EDGE('',*,*,#619,.T.);
#478=ORIENTED_EDGE('',*,*,#668,.T.);
#479=ORIENTED_EDGE('',*,*,#659,.T.);
#480=ORIENTED_EDGE('',*,*,#670,.F.);
#481=ORIENTED_EDGE('',*,*,#620,.F.);
#482=ORIENTED_EDGE('',*,*,#669,.T.);
#483=ORIENTED_EDGE('',*,*,#658,.F.);
#484=ORIENTED_EDGE('',*,*,#671,.F.);
#485=ORIENTED_EDGE('',*,*,#621,.T.);
#486=ORIENTED_EDGE('',*,*,#670,.T.);
#487=ORIENTED_EDGE('',*,*,#657,.T.);
#488=ORIENTED_EDGE('',*,*,#672,.F.);
#489=ORIENTED_EDGE('',*,*,#622,.F.);
#490=ORIENTED_EDGE('',*,*,#671,.T.);
#491=ORIENTED_EDGE('',*,*,#656,.T.);
#492=ORIENTED_EDGE('',*,*,#673,.F.);
#493=ORIENTED_EDGE('',*,*,#623,.F.);
#494=ORIENTED_EDGE('',*,*,#672,.T.);
#495=ORIENTED_EDGE('',*,*,#655,.F.);
#496=ORIENTED_EDGE('',*,*,#665,.F.);
#497=ORIENTED_EDGE('',*,*,#624,.T.);
#498=ORIENTED_EDGE('',*,*,#673,.T.);
#499=ORIENTED_EDGE('',*,*,#640,.T.);
#500=ORIENTED_EDGE('',*,*,#674,.T.);
#501=ORIENTED_EDGE('',*,*,#626,.F.);
#502=ORIENTED_EDGE('',*,*,#675,.F.);
#503=ORIENTED_EDGE('',*,*,#675,.T.);
#504=ORIENTED_EDGE('',*,*,#625,.T.);
#505=ORIENTED_EDGE('',*,*,#676,.F.);
#506=ORIENTED_EDGE('',*,*,#641,.F.);
#507=ORIENTED_EDGE('',*,*,#676,.T.);
#508=ORIENTED_EDGE('',*,*,#628,.T.);
#509=ORIENTED_EDGE('',*,*,#677,.F.);
#510=ORIENTED_EDGE('',*,*,#642,.F.);
#511=ORIENTED_EDGE('',*,*,#643,.T.);
#512=ORIENTED_EDGE('',*,*,#677,.T.);
#513=ORIENTED_EDGE('',*,*,#627,.F.);
#514=ORIENTED_EDGE('',*,*,#674,.F.);
#515=ORIENTED_EDGE('',*,*,#614,.T.);
#516=ORIENTED_EDGE('',*,*,#635,.F.);
#517=ORIENTED_EDGE('',*,*,#613,.T.);
#518=ORIENTED_EDGE('',*,*,#634,.F.);
#519=ORIENTED_EDGE('',*,*,#612,.T.);
#520=ORIENTED_EDGE('',*,*,#633,.F.);
#521=ORIENTED_EDGE('',*,*,#611,.T.);
#522=ORIENTED_EDGE('',*,*,#632,.F.);
#523=ORIENTED_EDGE('',*,*,#610,.T.);
#524=ORIENTED_EDGE('',*,*,#631,.F.);
#525=ORIENTED_EDGE('',*,*,#609,.T.);
#526=ORIENTED_EDGE('',*,*,#630,.F.);
#527=ORIENTED_EDGE('',*,*,#608,.T.);
#528=ORIENTED_EDGE('',*,*,#629,.F.);
#529=EDGE_CURVE('',#678,#678,#793,.T.);
#530=EDGE_CURVE('',#679,#679,#794,.T.);
#531=EDGE_CURVE('',#680,#680,#795,.T.);
#532=EDGE_CURVE('',#681,#681,#796,.T.);
#533=EDGE_CURVE('',#682,#682,#797,.T.);
#534=EDGE_CURVE('',#683,#683,#798,.T.);
#535=EDGE_CURVE('',#684,#684,#799,.T.);
#536=EDGE_CURVE('',#685,#686,#55,.T.);
#537=EDGE_CURVE('',#687,#685,#56,.T.);
#538=EDGE_CURVE('',#687,#688,#57,.T.);
#539=EDGE_CURVE('',#688,#686,#58,.T.);
#540=EDGE_CURVE('',#689,#690,#59,.T.);
#541=EDGE_CURVE('',#689,#691,#60,.T.);
#542=EDGE_CURVE('',#691,#692,#61,.T.);
#543=EDGE_CURVE('',#690,#692,#62,.T.);
#544=EDGE_CURVE('',#693,#693,#800,.T.);
#545=EDGE_CURVE('',#694,#694,#801,.T.);
#546=EDGE_CURVE('',#695,#695,#802,.T.);
#547=EDGE_CURVE('',#696,#696,#803,.T.);
#548=EDGE_CURVE('',#697,#697,#804,.T.);
#549=EDGE_CURVE('',#698,#698,#805,.T.);
#550=EDGE_CURVE('',#699,#699,#806,.T.);
#551=EDGE_CURVE('',#700,#701,#63,.T.);
#552=EDGE_CURVE('',#701,#685,#64,.T.);
#553=EDGE_CURVE('',#700,#686,#65,.T.);
#554=EDGE_CURVE('',#702,#703,#66,.T.);
#555=EDGE_CURVE('',#704,#702,#67,.T.);
#556=EDGE_CURVE('',#704,#705,#68,.T.);
#557=EDGE_CURVE('',#705,#703,#69,.T.);
#558=EDGE_CURVE('',#706,#700,#70,.T.);
#559=EDGE_CURVE('',#706,#707,#71,.T.);
#560=EDGE_CURVE('',#707,#701,#72,.T.);
#561=EDGE_CURVE('',#706,#688,#73,.T.);
#562=EDGE_CURVE('',#707,#687,#74,.T.);
#563=EDGE_CURVE('',#708,#703,#75,.T.);
#564=EDGE_CURVE('',#708,#709,#76,.T.);
#565=EDGE_CURVE('',#709,#702,#77,.T.);
#566=EDGE_CURVE('',#710,#705,#78,.T.);
#567=EDGE_CURVE('',#708,#710,#79,.T.);
#568=EDGE_CURVE('',#711,#704,#80,.T.);
#569=EDGE_CURVE('',#710,#711,#81,.T.);
#570=EDGE_CURVE('',#709,#711,#82,.T.);
#571=EDGE_CURVE('',#712,#712,#807,.T.);
#572=EDGE_CURVE('',#713,#713,#808,.T.);
#573=EDGE_CURVE('',#714,#714,#809,.T.);
#574=EDGE_CURVE('',#715,#715,#810,.T.);
#575=EDGE_CURVE('',#716,#716,#811,.T.);
#576=EDGE_CURVE('',#717,#717,#812,.T.);
#577=EDGE_CURVE('',#718,#718,#813,.T.);
#578=EDGE_CURVE('',#719,#719,#814,.F.);
#579=EDGE_CURVE('',#720,#720,#815,.T.);
#580=EDGE_CURVE('',#721,#689,#83,.T.);
#581=EDGE_CURVE('',#721,#722,#84,.T.);
#582=EDGE_CURVE('',#722,#691,#85,.T.);
#583=EDGE_CURVE('',#723,#690,#86,.T.);
#584=EDGE_CURVE('',#723,#721,#87,.F.);
#585=EDGE_CURVE('',#724,#692,#88,.T.);
#586=EDGE_CURVE('',#724,#723,#89,.F.);
#587=EDGE_CURVE('',#722,#724,#90,.T.);
#588=EDGE_CURVE('',#725,#726,#91,.T.);
#589=EDGE_CURVE('',#726,#727,#92,.F.);
#590=EDGE_CURVE('',#727,#728,#93,.F.);
#591=EDGE_CURVE('',#728,#725,#94,.T.);
#592=EDGE_CURVE('',#729,#729,#816,.F.);
#593=EDGE_CURVE('',#730,#730,#817,.T.);
#594=EDGE_CURVE('',#731,#731,#818,.F.);
#595=EDGE_CURVE('',#732,#732,#819,.T.);
#596=EDGE_CURVE('',#733,#733,#820,.F.);
#597=EDGE_CURVE('',#734,#734,#821,.T.);
#598=EDGE_CURVE('',#735,#735,#822,.F.);
#599=EDGE_CURVE('',#736,#736,#823,.T.);
#600=EDGE_CURVE('',#737,#737,#824,.F.);
#601=EDGE_CURVE('',#738,#738,#825,.T.);
#602=EDGE_CURVE('',#739,#739,#826,.F.);
#603=EDGE_CURVE('',#740,#740,#827,.T.);
#604=EDGE_CURVE('',#722,#727,#15,.T.);
#605=EDGE_CURVE('',#728,#721,#16,.F.);
#606=EDGE_CURVE('',#725,#723,#17,.F.);
#607=EDGE_CURVE('',#724,#726,#18,.T.);
#608=EDGE_CURVE('',#741,#741,#828,.T.);
#609=EDGE_CURVE('',#742,#742,#829,.T.);
#610=EDGE_CURVE('',#743,#743,#830,.T.);
#611=EDGE_CURVE('',#744,#744,#831,.T.);
#612=EDGE_CURVE('',#745,#745,#832,.T.);
#613=EDGE_CURVE('',#746,#746,#833,.T.);
#614=EDGE_CURVE('',#747,#747,#834,.T.);
#615=EDGE_CURVE('',#748,#749,#95,.T.);
#616=EDGE_CURVE('',#749,#750,#835,.T.);
#617=EDGE_CURVE('',#750,#751,#96,.T.);
#618=EDGE_CURVE('',#752,#751,#97,.T.);
#619=EDGE_CURVE('',#753,#752,#98,.T.);
#620=EDGE_CURVE('',#753,#754,#836,.T.);
#621=EDGE_CURVE('',#755,#754,#99,.T.);
#622=EDGE_CURVE('',#755,#756,#100,.T.);
#623=EDGE_CURVE('',#756,#757,#837,.T.);
#624=EDGE_CURVE('',#748,#757,#101,.T.);
#625=EDGE_CURVE('',#758,#759,#102,.T.);
#626=EDGE_CURVE('',#758,#760,#103,.T.);
#627=EDGE_CURVE('',#760,#761,#104,.T.);
#628=EDGE_CURVE('',#759,#761,#105,.T.);
#629=EDGE_CURVE('',#762,#762,#838,.T.);
#630=EDGE_CURVE('',#763,#763,#839,.T.);
#631=EDGE_CURVE('',#764,#764,#840,.T.);
#632=EDGE_CURVE('',#765,#765,#841,.T.);
#633=EDGE_CURVE('',#766,#766,#842,.T.);
#634=EDGE_CURVE('',#767,#767,#843,.T.);
#635=EDGE_CURVE('',#768,#768,#844,.T.);
#636=EDGE_CURVE('',#769,#770,#106,.T.);
#637=EDGE_CURVE('',#770,#771,#107,.T.);
#638=EDGE_CURVE('',#772,#771,#108,.T.);
#639=EDGE_CURVE('',#769,#772,#109,.T.);
#640=EDGE_CURVE('',#773,#774,#110,.T.);
#641=EDGE_CURVE('',#773,#775,#111,.T.);
#642=EDGE_CURVE('',#775,#776,#112,.T.);
#643=EDGE_CURVE('',#774,#776,#113,.T.);
#644=EDGE_CURVE('',#777,#778,#114,.T.);
#645=EDGE_CURVE('',#770,#778,#115,.T.);
#646=EDGE_CURVE('',#769,#777,#116,.T.);
#647=EDGE_CURVE('',#777,#779,#117,.T.);
#648=EDGE_CURVE('',#772,#779,#118,.T.);
#649=EDGE_CURVE('',#779,#780,#119,.T.);
#650=EDGE_CURVE('',#771,#780,#120,.T.);
#651=EDGE_CURVE('',#778,#780,#121,.T.);
#652=EDGE_CURVE('',#781,#781,#845,.T.);
#653=EDGE_CURVE('',#782,#782,#846,.T.);
#654=EDGE_CURVE('',#783,#784,#122,.T.);
#655=EDGE_CURVE('',#783,#785,#123,.T.);
#656=EDGE_CURVE('',#786,#785,#847,.T.);
#657=EDGE_CURVE('',#787,#786,#124,.T.);
#658=EDGE_CURVE('',#787,#788,#125,.T.);
#659=EDGE_CURVE('',#789,#788,#848,.T.);
#660=EDGE_CURVE('',#789,#790,#126,.T.);
#661=EDGE_CURVE('',#790,#791,#127,.T.);
#662=EDGE_CURVE('',#792,#791,#128,.T.);
#663=EDGE_CURVE('',#784,#792,#849,.T.);
#664=EDGE_CURVE('',#749,#784,#129,.T.);
#665=EDGE_CURVE('',#748,#783,#130,.T.);
#666=EDGE_CURVE('',#750,#792,#131,.T.);
#667=EDGE_CURVE('',#751,#791,#132,.T.);
#668=EDGE_CURVE('',#752,#790,#133,.T.);
#669=EDGE_CURVE('',#753,#789,#134,.T.);
#670=EDGE_CURVE('',#754,#788,#135,.T.);
#671=EDGE_CURVE('',#755,#787,#136,.T.);
#672=EDGE_CURVE('',#756,#786,#137,.T.);
#673=EDGE_CURVE('',#757,#785,#138,.T.);
#674=EDGE_CURVE('',#774,#760,#139,.T.);
#675=EDGE_CURVE('',#773,#758,#140,.T.);
#676=EDGE_CURVE('',#775,#759,#141,.T.);
#677=EDGE_CURVE('',#776,#761,#142,.T.);
#678=VERTEX_POINT('',#2429);
#679=VERTEX_POINT('',#2431);
#680=VERTEX_POINT('',#2433);
#681=VERTEX_POINT('',#2435);
#682=VERTEX_POINT('',#2437);
#683=VERTEX_POINT('',#2439);
#684=VERTEX_POINT('',#2441);
#685=VERTEX_POINT('',#2443);
#686=VERTEX_POINT('',#2444);
#687=VERTEX_POINT('',#2446);
#688=VERTEX_POINT('',#2448);
#689=VERTEX_POINT('',#2451);
#690=VERTEX_POINT('',#2452);
#691=VERTEX_POINT('',#2454);
#692=VERTEX_POINT('',#2456);
#693=VERTEX_POINT('',#2460);
#694=VERTEX_POINT('',#2462);
#695=VERTEX_POINT('',#2464);
#696=VERTEX_POINT('',#2466);
#697=VERTEX_POINT('',#2468);
#698=VERTEX_POINT('',#2470);
#699=VERTEX_POINT('',#2472);
#700=VERTEX_POINT('',#2474);
#701=VERTEX_POINT('',#2475);
#702=VERTEX_POINT('',#2479);
#703=VERTEX_POINT('',#2480);
#704=VERTEX_POINT('',#2482);
#705=VERTEX_POINT('',#2484);
#706=VERTEX_POINT('',#2488);
#707=VERTEX_POINT('',#2490);
#708=VERTEX_POINT('',#2499);
#709=VERTEX_POINT('',#2501);
#710=VERTEX_POINT('',#2505);
#711=VERTEX_POINT('',#2509);
#712=VERTEX_POINT('',#2516);
#713=VERTEX_POINT('',#2520);
#714=VERTEX_POINT('',#2524);
#715=VERTEX_POINT('',#2528);
#716=VERTEX_POINT('',#2532);
#717=VERTEX_POINT('',#2536);
#718=VERTEX_POINT('',#2540);
#719=VERTEX_POINT('',#2544);
#720=VERTEX_POINT('',#2547);
#721=VERTEX_POINT('',#2550);
#722=VERTEX_POINT('',#2552);
#723=VERTEX_POINT('',#2556);
#724=VERTEX_POINT('',#2560);
#725=VERTEX_POINT('',#2566);
#726=VERTEX_POINT('',#2567);
#727=VERTEX_POINT('',#2569);
#728=VERTEX_POINT('',#2571);
#729=VERTEX_POINT('',#2575);
#730=VERTEX_POINT('',#2578);
#731=VERTEX_POINT('',#2581);
#732=VERTEX_POINT('',#2584);
#733=VERTEX_POINT('',#2587);
#734=VERTEX_POINT('',#2590);
#735=VERTEX_POINT('',#2593);
#736=VERTEX_POINT('',#2596);
#737=VERTEX_POINT('',#2599);
#738=VERTEX_POINT('',#2602);
#739=VERTEX_POINT('',#2605);
#740=VERTEX_POINT('',#2608);
#741=VERTEX_POINT('',#2627);
#742=VERTEX_POINT('',#2629);
#743=VERTEX_POINT('',#2631);
#744=VERTEX_POINT('',#2633);
#745=VERTEX_POINT('',#2635);
#746=VERTEX_POINT('',#2637);
#747=VERTEX_POINT('',#2639);
#748=VERTEX_POINT('',#2641);
#749=VERTEX_POINT('',#2642);
#750=VERTEX_POINT('',#2644);
#751=VERTEX_POINT('',#2646);
#752=VERTEX_POINT('',#2648);
#753=VERTEX_POINT('',#2650);
#754=VERTEX_POINT('',#2652);
#755=VERTEX_POINT('',#2654);
#756=VERTEX_POINT('',#2656);
#757=VERTEX_POINT('',#2658);
#758=VERTEX_POINT('',#2661);
#759=VERTEX_POINT('',#2662);
#760=VERTEX_POINT('',#2664);
#761=VERTEX_POINT('',#2666);
#762=VERTEX_POINT('',#2670);
#763=VERTEX_POINT('',#2672);
#764=VERTEX_POINT('',#2674);
#765=VERTEX_POINT('',#2676);
#766=VERTEX_POINT('',#2678);
#767=VERTEX_POINT('',#2680);
#768=VERTEX_POINT('',#2682);
#769=VERTEX_POINT('',#2684);
#770=VERTEX_POINT('',#2685);
#771=VERTEX_POINT('',#2687);
#772=VERTEX_POINT('',#2689);
#773=VERTEX_POINT('',#2692);
#774=VERTEX_POINT('',#2693);
#775=VERTEX_POINT('',#2695);
#776=VERTEX_POINT('',#2697);
#777=VERTEX_POINT('',#2701);
#778=VERTEX_POINT('',#2702);
#779=VERTEX_POINT('',#2707);
#780=VERTEX_POINT('',#2711);
#781=VERTEX_POINT('',#2717);
#782=VERTEX_POINT('',#2720);
#783=VERTEX_POINT('',#2723);
#784=VERTEX_POINT('',#2724);
#785=VERTEX_POINT('',#2726);
#786=VERTEX_POINT('',#2728);
#787=VERTEX_POINT('',#2730);
#788=VERTEX_POINT('',#2732);
#789=VERTEX_POINT('',#2734);
#790=VERTEX_POINT('',#2736);
#791=VERTEX_POINT('',#2738);
#792=VERTEX_POINT('',#2740);
#793=CIRCLE('',#1896,0.00045);
#794=CIRCLE('',#1897,0.00045);
#795=CIRCLE('',#1898,0.00045);
#796=CIRCLE('',#1899,0.00045);
#797=CIRCLE('',#1900,0.00045);
#798=CIRCLE('',#1901,0.00045);
#799=CIRCLE('',#1902,0.00045);
#800=CIRCLE('',#1904,0.0005);
#801=CIRCLE('',#1905,0.0005);
#802=CIRCLE('',#1906,0.0005);
#803=CIRCLE('',#1907,0.0005);
#804=CIRCLE('',#1908,0.0005);
#805=CIRCLE('',#1909,0.0005);
#806=CIRCLE('',#1910,0.0005);
#807=CIRCLE('',#1921,0.0005);
#808=CIRCLE('',#1924,0.0005);
#809=CIRCLE('',#1927,0.0005);
#810=CIRCLE('',#1930,0.0005);
#811=CIRCLE('',#1933,0.0005);
#812=CIRCLE('',#1936,0.0005);
#813=CIRCLE('',#1939,0.0005);
#814=CIRCLE('',#1942,0.00045);
#815=CIRCLE('',#1944,0.0002);
#816=CIRCLE('',#1951,0.00045);
#817=CIRCLE('',#1953,0.0002);
#818=CIRCLE('',#1955,0.00045);
#819=CIRCLE('',#1957,0.0002);
#820=CIRCLE('',#1959,0.00045);
#821=CIRCLE('',#1961,0.0002);
#822=CIRCLE('',#1963,0.00045);
#823=CIRCLE('',#1965,0.0002);
#824=CIRCLE('',#1967,0.00045);
#825=CIRCLE('',#1969,0.0002);
#826=CIRCLE('',#1971,0.00045);
#827=CIRCLE('',#1973,0.0002);
#828=CIRCLE('',#1991,0.0005);
#829=CIRCLE('',#1992,0.0005);
#830=CIRCLE('',#1993,0.0005);
#831=CIRCLE('',#1994,0.0005);
#832=CIRCLE('',#1995,0.0005);
#833=CIRCLE('',#1996,0.0005);
#834=CIRCLE('',#1997,0.0005);
#835=CIRCLE('',#1998,0.005);
#836=CIRCLE('',#1999,0.005);
#837=CIRCLE('',#2000,0.005);
#838=CIRCLE('',#2002,0.0005);
#839=CIRCLE('',#2003,0.0005);
#840=CIRCLE('',#2004,0.0005);
#841=CIRCLE('',#2005,0.0005);
#842=CIRCLE('',#2006,0.0005);
#843=CIRCLE('',#2007,0.0005);
#844=CIRCLE('',#2008,0.0005);
#845=CIRCLE('',#2014,0.0055);
#846=CIRCLE('',#2016,0.0055);
#847=CIRCLE('',#2018,0.005);
#848=CIRCLE('',#2019,0.005);
#849=CIRCLE('',#2020,0.005);
#850=EDGE_LOOP('',(#231));
#851=EDGE_LOOP('',(#232));
#852=EDGE_LOOP('',(#233));
#853=EDGE_LOOP('',(#234));
#854=EDGE_LOOP('',(#235));
#855=EDGE_LOOP('',(#236));
#856=EDGE_LOOP('',(#237));
#857=EDGE_LOOP('',(#238,#239,#240,#241));
#858=EDGE_LOOP('',(#242,#243,#244,#245));
#859=EDGE_LOOP('',(#246));
#860=EDGE_LOOP('',(#247));
#861=EDGE_LOOP('',(#248));
#862=EDGE_LOOP('',(#249));
#863=EDGE_LOOP('',(#250));
#864=EDGE_LOOP('',(#251));
#865=EDGE_LOOP('',(#252));
#866=EDGE_LOOP('',(#253,#254,#255,#256));
#867=EDGE_LOOP('',(#257,#258,#259,#260));
#868=EDGE_LOOP('',(#261,#262,#263,#264));
#869=EDGE_LOOP('',(#265,#266,#267,#268));
#870=EDGE_LOOP('',(#269,#270,#271,#272));
#871=EDGE_LOOP('',(#273,#274,#275,#276));
#872=EDGE_LOOP('',(#277,#278,#279,#280));
#873=EDGE_LOOP('',(#281,#282,#283,#284));
#874=EDGE_LOOP('',(#285,#286,#287,#288));
#875=EDGE_LOOP('',(#289,#290,#291,#292));
#876=EDGE_LOOP('',(#293,#294,#295,#296));
#877=EDGE_LOOP('',(#297));
#878=EDGE_LOOP('',(#298));
#879=EDGE_LOOP('',(#299));
#880=EDGE_LOOP('',(#300));
#881=EDGE_LOOP('',(#301));
#882=EDGE_LOOP('',(#302));
#883=EDGE_LOOP('',(#303));
#884=EDGE_LOOP('',(#304));
#885=EDGE_LOOP('',(#305));
#886=EDGE_LOOP('',(#306));
#887=EDGE_LOOP('',(#307));
#888=EDGE_LOOP('',(#308));
#889=EDGE_LOOP('',(#309));
#890=EDGE_LOOP('',(#310));
#891=EDGE_LOOP('',(#311));
#892=EDGE_LOOP('',(#312));
#893=EDGE_LOOP('',(#313));
#894=EDGE_LOOP('',(#314));
#895=EDGE_LOOP('',(#315));
#896=EDGE_LOOP('',(#316));
#897=EDGE_LOOP('',(#317));
#898=EDGE_LOOP('',(#318));
#899=EDGE_LOOP('',(#319));
#900=EDGE_LOOP('',(#320));
#901=EDGE_LOOP('',(#321,#322,#323,#324));
#902=EDGE_LOOP('',(#325,#326,#327,#328));
#903=EDGE_LOOP('',(#329,#330,#331,#332));
#904=EDGE_LOOP('',(#333,#334,#335,#336));
#905=EDGE_LOOP('',(#337,#338,#339,#340));
#906=EDGE_LOOP('',(#341));
#907=EDGE_LOOP('',(#342));
#908=EDGE_LOOP('',(#343));
#909=EDGE_LOOP('',(#344));
#910=EDGE_LOOP('',(#345));
#911=EDGE_LOOP('',(#346));
#912=EDGE_LOOP('',(#347));
#913=EDGE_LOOP('',(#348));
#914=EDGE_LOOP('',(#349));
#915=EDGE_LOOP('',(#350));
#916=EDGE_LOOP('',(#351));
#917=EDGE_LOOP('',(#352));
#918=EDGE_LOOP('',(#353));
#919=EDGE_LOOP('',(#354));
#920=EDGE_LOOP('',(#355));
#921=EDGE_LOOP('',(#356));
#922=EDGE_LOOP('',(#357));
#923=EDGE_LOOP('',(#358));
#924=EDGE_LOOP('',(#359));
#925=EDGE_LOOP('',(#360));
#926=EDGE_LOOP('',(#361));
#927=EDGE_LOOP('',(#362));
#928=EDGE_LOOP('',(#363));
#929=EDGE_LOOP('',(#364));
#930=EDGE_LOOP('',(#365));
#931=EDGE_LOOP('',(#366));
#932=EDGE_LOOP('',(#367));
#933=EDGE_LOOP('',(#368));
#934=EDGE_LOOP('',(#369));
#935=EDGE_LOOP('',(#370));
#936=EDGE_LOOP('',(#371));
#937=EDGE_LOOP('',(#372));
#938=EDGE_LOOP('',(#373,#374,#375,#376));
#939=EDGE_LOOP('',(#377,#378,#379,#380));
#940=EDGE_LOOP('',(#381,#382,#383,#384));
#941=EDGE_LOOP('',(#385,#386,#387,#388));
#942=EDGE_LOOP('',(#389));
#943=EDGE_LOOP('',(#390));
#944=EDGE_LOOP('',(#391));
#945=EDGE_LOOP('',(#392));
#946=EDGE_LOOP('',(#393));
#947=EDGE_LOOP('',(#394));
#948=EDGE_LOOP('',(#395));
#949=EDGE_LOOP('',(#396,#397,#398,#399,#400,#401,#402,#403,#404,#405));
#950=EDGE_LOOP('',(#406,#407,#408,#409));
#951=EDGE_LOOP('',(#410));
#952=EDGE_LOOP('',(#411));
#953=EDGE_LOOP('',(#412));
#954=EDGE_LOOP('',(#413));
#955=EDGE_LOOP('',(#414));
#956=EDGE_LOOP('',(#415));
#957=EDGE_LOOP('',(#416));
#958=EDGE_LOOP('',(#417,#418,#419,#420));
#959=EDGE_LOOP('',(#421,#422,#423,#424));
#960=EDGE_LOOP('',(#425,#426,#427,#428));
#961=EDGE_LOOP('',(#429,#430,#431,#432));
#962=EDGE_LOOP('',(#433,#434,#435,#436));
#963=EDGE_LOOP('',(#437,#438,#439,#440));
#964=EDGE_LOOP('',(#441));
#965=EDGE_LOOP('',(#442,#443,#444,#445));
#966=EDGE_LOOP('',(#446));
#967=EDGE_LOOP('',(#447));
#968=EDGE_LOOP('',(#448,#449,#450,#451,#452,#453,#454,#455,#456,#457));
#969=EDGE_LOOP('',(#458));
#970=EDGE_LOOP('',(#459,#460,#461,#462));
#971=EDGE_LOOP('',(#463,#464,#465,#466));
#972=EDGE_LOOP('',(#467,#468,#469,#470));
#973=EDGE_LOOP('',(#471,#472,#473,#474));
#974=EDGE_LOOP('',(#475,#476,#477,#478));
#975=EDGE_LOOP('',(#479,#480,#481,#482));
#976=EDGE_LOOP('',(#483,#484,#485,#486));
#977=EDGE_LOOP('',(#487,#488,#489,#490));
#978=EDGE_LOOP('',(#491,#492,#493,#494));
#979=EDGE_LOOP('',(#495,#496,#497,#498));
#980=EDGE_LOOP('',(#499,#500,#501,#502));
#981=EDGE_LOOP('',(#503,#504,#505,#506));
#982=EDGE_LOOP('',(#507,#508,#509,#510));
#983=EDGE_LOOP('',(#511,#512,#513,#514));
#984=EDGE_LOOP('',(#515));
#985=EDGE_LOOP('',(#516));
#986=EDGE_LOOP('',(#517));
#987=EDGE_LOOP('',(#518));
#988=EDGE_LOOP('',(#519));
#989=EDGE_LOOP('',(#520));
#990=EDGE_LOOP('',(#521));
#991=EDGE_LOOP('',(#522));
#992=EDGE_LOOP('',(#523));
#993=EDGE_LOOP('',(#524));
#994=EDGE_LOOP('',(#525));
#995=EDGE_LOOP('',(#526));
#996=EDGE_LOOP('',(#527));
#997=EDGE_LOOP('',(#528));
#998=FACE_BOUND('',#850,.T.);
#999=FACE_BOUND('',#851,.T.);
#1000=FACE_BOUND('',#852,.T.);
#1001=FACE_BOUND('',#853,.T.);
#1002=FACE_BOUND('',#854,.T.);
#1003=FACE_BOUND('',#855,.T.);
#1004=FACE_BOUND('',#856,.T.);
#1005=FACE_BOUND('',#857,.T.);
#1006=FACE_BOUND('',#858,.T.);
#1007=FACE_BOUND('',#859,.T.);
#1008=FACE_BOUND('',#860,.T.);
#1009=FACE_BOUND('',#861,.T.);
#1010=FACE_BOUND('',#862,.T.);
#1011=FACE_BOUND('',#863,.T.);
#1012=FACE_BOUND('',#864,.T.);
#1013=FACE_BOUND('',#865,.T.);
#1014=FACE_BOUND('',#866,.T.);
#1015=FACE_BOUND('',#867,.T.);
#1016=FACE_BOUND('',#868,.T.);
#1017=FACE_BOUND('',#869,.T.);
#1018=FACE_BOUND('',#870,.T.);
#1019=FACE_BOUND('',#871,.T.);
#1020=FACE_BOUND('',#872,.T.);
#1021=FACE_BOUND('',#873,.T.);
#1022=FACE_BOUND('',#874,.T.);
#1023=FACE_BOUND('',#875,.T.);
#1024=FACE_BOUND('',#876,.T.);
#1025=FACE_BOUND('',#877,.T.);
#1026=FACE_BOUND('',#878,.T.);
#1027=FACE_BOUND('',#879,.T.);
#1028=FACE_BOUND('',#880,.T.);
#1029=FACE_BOUND('',#881,.T.);
#1030=FACE_BOUND('',#882,.T.);
#1031=FACE_BOUND('',#883,.T.);
#1032=FACE_BOUND('',#884,.T.);
#1033=FACE_BOUND('',#885,.T.);
#1034=FACE_BOUND('',#886,.T.);
#1035=FACE_BOUND('',#887,.T.);
#1036=FACE_BOUND('',#888,.T.);
#1037=FACE_BOUND('',#889,.T.);
#1038=FACE_BOUND('',#890,.T.);
#1039=FACE_BOUND('',#891,.T.);
#1040=FACE_BOUND('',#892,.T.);
#1041=FACE_BOUND('',#893,.T.);
#1042=FACE_BOUND('',#894,.T.);
#1043=FACE_BOUND('',#895,.T.);
#1044=FACE_BOUND('',#896,.T.);
#1045=FACE_BOUND('',#897,.T.);
#1046=FACE_BOUND('',#898,.T.);
#1047=FACE_BOUND('',#899,.T.);
#1048=FACE_BOUND('',#900,.T.);
#1049=FACE_BOUND('',#901,.T.);
#1050=FACE_BOUND('',#902,.T.);
#1051=FACE_BOUND('',#903,.T.);
#1052=FACE_BOUND('',#904,.T.);
#1053=FACE_BOUND('',#905,.T.);
#1054=FACE_BOUND('',#906,.T.);
#1055=FACE_BOUND('',#907,.T.);
#1056=FACE_BOUND('',#908,.T.);
#1057=FACE_BOUND('',#909,.T.);
#1058=FACE_BOUND('',#910,.T.);
#1059=FACE_BOUND('',#911,.T.);
#1060=FACE_BOUND('',#912,.T.);
#1061=FACE_BOUND('',#913,.T.);
#1062=FACE_BOUND('',#914,.T.);
#1063=FACE_BOUND('',#915,.T.);
#1064=FACE_BOUND('',#916,.T.);
#1065=FACE_BOUND('',#917,.T.);
#1066=FACE_BOUND('',#918,.T.);
#1067=FACE_BOUND('',#919,.T.);
#1068=FACE_BOUND('',#920,.T.);
#1069=FACE_BOUND('',#921,.T.);
#1070=FACE_BOUND('',#922,.T.);
#1071=FACE_BOUND('',#923,.T.);
#1072=FACE_BOUND('',#924,.T.);
#1073=FACE_BOUND('',#925,.T.);
#1074=FACE_BOUND('',#926,.T.);
#1075=FACE_BOUND('',#927,.T.);
#1076=FACE_BOUND('',#928,.T.);
#1077=FACE_BOUND('',#929,.T.);
#1078=FACE_BOUND('',#930,.T.);
#1079=FACE_BOUND('',#931,.T.);
#1080=FACE_BOUND('',#932,.T.);
#1081=FACE_BOUND('',#933,.T.);
#1082=FACE_BOUND('',#934,.T.);
#1083=FACE_BOUND('',#935,.T.);
#1084=FACE_BOUND('',#936,.T.);
#1085=FACE_BOUND('',#937,.T.);
#1086=FACE_BOUND('',#938,.T.);
#1087=FACE_BOUND('',#939,.T.);
#1088=FACE_BOUND('',#940,.T.);
#1089=FACE_BOUND('',#941,.T.);
#1090=FACE_BOUND('',#942,.T.);
#1091=FACE_BOUND('',#943,.T.);
#1092=FACE_BOUND('',#944,.T.);
#1093=FACE_BOUND('',#945,.T.);
#1094=FACE_BOUND('',#946,.T.);
#1095=FACE_BOUND('',#947,.T.);
#1096=FACE_BOUND('',#948,.T.);
#1097=FACE_BOUND('',#949,.T.);
#1098=FACE_BOUND('',#950,.T.);
#1099=FACE_BOUND('',#951,.T.);
#1100=FACE_BOUND('',#952,.T.);
#1101=FACE_BOUND('',#953,.T.);
#1102=FACE_BOUND('',#954,.T.);
#1103=FACE_BOUND('',#955,.T.);
#1104=FACE_BOUND('',#956,.T.);
#1105=FACE_BOUND('',#957,.T.);
#1106=FACE_BOUND('',#958,.T.);
#1107=FACE_BOUND('',#959,.T.);
#1108=FACE_BOUND('',#960,.T.);
#1109=FACE_BOUND('',#961,.T.);
#1110=FACE_BOUND('',#962,.T.);
#1111=FACE_BOUND('',#963,.T.);
#1112=FACE_BOUND('',#964,.T.);
#1113=FACE_BOUND('',#965,.T.);
#1114=FACE_BOUND('',#966,.T.);
#1115=FACE_BOUND('',#967,.T.);
#1116=FACE_BOUND('',#968,.T.);
#1117=FACE_BOUND('',#969,.T.);
#1118=FACE_BOUND('',#970,.T.);
#1119=FACE_BOUND('',#971,.T.);
#1120=FACE_BOUND('',#972,.T.);
#1121=FACE_BOUND('',#973,.T.);
#1122=FACE_BOUND('',#974,.T.);
#1123=FACE_BOUND('',#975,.T.);
#1124=FACE_BOUND('',#976,.T.);
#1125=FACE_BOUND('',#977,.T.);
#1126=FACE_BOUND('',#978,.T.);
#1127=FACE_BOUND('',#979,.T.);
#1128=FACE_BOUND('',#980,.T.);
#1129=FACE_BOUND('',#981,.T.);
#1130=FACE_BOUND('',#982,.T.);
#1131=FACE_BOUND('',#983,.T.);
#1132=FACE_BOUND('',#984,.T.);
#1133=FACE_BOUND('',#985,.T.);
#1134=FACE_BOUND('',#986,.T.);
#1135=FACE_BOUND('',#987,.T.);
#1136=FACE_BOUND('',#988,.T.);
#1137=FACE_BOUND('',#989,.T.);
#1138=FACE_BOUND('',#990,.T.);
#1139=FACE_BOUND('',#991,.T.);
#1140=FACE_BOUND('',#992,.T.);
#1141=FACE_BOUND('',#993,.T.);
#1142=FACE_BOUND('',#994,.T.);
#1143=FACE_BOUND('',#995,.T.);
#1144=FACE_BOUND('',#996,.T.);
#1145=FACE_BOUND('',#997,.T.);
#1146=PLANE('',#1895);
#1147=PLANE('',#1903);
#1148=PLANE('',#1911);
#1149=PLANE('',#1912);
#1150=PLANE('',#1913);
#1151=PLANE('',#1914);
#1152=PLANE('',#1915);
#1153=PLANE('',#1916);
#1154=PLANE('',#1917);
#1155=PLANE('',#1918);
#1156=PLANE('',#1919);
#1157=PLANE('',#1922);
#1158=PLANE('',#1925);
#1159=PLANE('',#1928);
#1160=PLANE('',#1931);
#1161=PLANE('',#1934);
#1162=PLANE('',#1937);
#1163=PLANE('',#1940);
#1164=PLANE('',#1943);
#1165=PLANE('',#1945);
#1166=PLANE('',#1946);
#1167=PLANE('',#1947);
#1168=PLANE('',#1948);
#1169=PLANE('',#1949);
#1170=PLANE('',#1952);
#1171=PLANE('',#1956);
#1172=PLANE('',#1960);
#1173=PLANE('',#1964);
#1174=PLANE('',#1968);
#1175=PLANE('',#1972);
#1176=PLANE('',#1990);
#1177=PLANE('',#2001);
#1178=PLANE('',#2009);
#1179=PLANE('',#2010);
#1180=PLANE('',#2011);
#1181=PLANE('',#2012);
#1182=PLANE('',#2013);
#1183=PLANE('',#2017);
#1184=PLANE('',#2021);
#1185=PLANE('',#2023);
#1186=PLANE('',#2024);
#1187=PLANE('',#2025);
#1188=PLANE('',#2027);
#1189=PLANE('',#2028);
#1190=PLANE('',#2030);
#1191=PLANE('',#2031);
#1192=PLANE('',#2032);
#1193=PLANE('',#2033);
#1194=PLANE('',#2034);
#1195=OVER_RIDING_STYLED_ITEM('',(#1369),#1279,#1366);
#1196=OVER_RIDING_STYLED_ITEM('',(#1370),#1281,#1366);
#1197=OVER_RIDING_STYLED_ITEM('',(#1371),#1282,#1366);
#1198=OVER_RIDING_STYLED_ITEM('',(#1372),#1283,#1366);
#1199=OVER_RIDING_STYLED_ITEM('',(#1373),#1284,#1366);
#1200=OVER_RIDING_STYLED_ITEM('',(#1374),#1285,#1366);
#1201=OVER_RIDING_STYLED_ITEM('',(#1375),#1286,#1366);
#1202=OVER_RIDING_STYLED_ITEM('',(#1376),#1287,#1366);
#1203=OVER_RIDING_STYLED_ITEM('',(#1377),#1288,#1366);
#1204=OVER_RIDING_STYLED_ITEM('',(#1378),#1289,#1366);
#1205=OVER_RIDING_STYLED_ITEM('',(#1379),#1290,#1366);
#1206=OVER_RIDING_STYLED_ITEM('',(#1380),#1291,#1366);
#1207=OVER_RIDING_STYLED_ITEM('',(#1381),#1292,#1366);
#1208=OVER_RIDING_STYLED_ITEM('',(#1382),#1293,#1366);
#1209=OVER_RIDING_STYLED_ITEM('',(#1383),#1294,#1366);
#1210=OVER_RIDING_STYLED_ITEM('',(#1384),#1295,#1366);
#1211=OVER_RIDING_STYLED_ITEM('',(#1385),#1296,#1366);
#1212=OVER_RIDING_STYLED_ITEM('',(#1386),#1297,#1366);
#1213=OVER_RIDING_STYLED_ITEM('',(#1387),#1298,#1366);
#1214=OVER_RIDING_STYLED_ITEM('',(#1388),#1299,#1366);
#1215=OVER_RIDING_STYLED_ITEM('',(#1389),#1300,#1366);
#1216=OVER_RIDING_STYLED_ITEM('',(#1390),#1301,#1366);
#1217=OVER_RIDING_STYLED_ITEM('',(#1391),#1302,#1366);
#1218=OVER_RIDING_STYLED_ITEM('',(#1392),#1303,#1366);
#1219=OVER_RIDING_STYLED_ITEM('',(#1393),#1304,#1366);
#1220=OVER_RIDING_STYLED_ITEM('',(#1394),#1305,#1366);
#1221=OVER_RIDING_STYLED_ITEM('',(#1395),#1306,#1366);
#1222=OVER_RIDING_STYLED_ITEM('',(#1396),#1307,#1366);
#1223=OVER_RIDING_STYLED_ITEM('',(#1397),#1308,#1366);
#1224=OVER_RIDING_STYLED_ITEM('',(#1398),#1309,#1366);
#1225=OVER_RIDING_STYLED_ITEM('',(#1399),#1310,#1366);
#1226=OVER_RIDING_STYLED_ITEM('',(#1400),#1311,#1366);
#1227=OVER_RIDING_STYLED_ITEM('',(#1401),#1312,#1366);
#1228=OVER_RIDING_STYLED_ITEM('',(#1402),#1313,#1366);
#1229=OVER_RIDING_STYLED_ITEM('',(#1403),#1314,#1366);
#1230=OVER_RIDING_STYLED_ITEM('',(#1404),#1315,#1366);
#1231=OVER_RIDING_STYLED_ITEM('',(#1405),#1316,#1366);
#1232=OVER_RIDING_STYLED_ITEM('',(#1406),#1317,#1366);
#1233=OVER_RIDING_STYLED_ITEM('',(#1407),#1318,#1366);
#1234=OVER_RIDING_STYLED_ITEM('',(#1408),#1319,#1366);
#1235=OVER_RIDING_STYLED_ITEM('',(#1409),#1320,#1366);
#1236=OVER_RIDING_STYLED_ITEM('',(#1410),#1321,#1366);
#1237=OVER_RIDING_STYLED_ITEM('',(#1411),#1322,#1366);
#1238=OVER_RIDING_STYLED_ITEM('',(#1412),#1323,#1366);
#1239=OVER_RIDING_STYLED_ITEM('',(#1413),#1324,#1366);
#1240=OVER_RIDING_STYLED_ITEM('',(#1414),#1325,#1366);
#1241=OVER_RIDING_STYLED_ITEM('',(#1415),#1326,#1366);
#1242=OVER_RIDING_STYLED_ITEM('',(#1416),#1327,#1366);
#1243=OVER_RIDING_STYLED_ITEM('',(#1417),#1328,#1366);
#1244=OVER_RIDING_STYLED_ITEM('',(#1418),#1329,#1366);
#1245=OVER_RIDING_STYLED_ITEM('',(#1419),#1330,#1366);
#1246=OVER_RIDING_STYLED_ITEM('',(#1420),#1331,#1366);
#1247=OVER_RIDING_STYLED_ITEM('',(#1421),#1332,#1366);
#1248=OVER_RIDING_STYLED_ITEM('',(#1422),#1333,#1366);
#1249=OVER_RIDING_STYLED_ITEM('',(#1424),#1334,#1367);
#1250=OVER_RIDING_STYLED_ITEM('',(#1425),#1335,#1367);
#1251=OVER_RIDING_STYLED_ITEM('',(#1426),#1336,#1367);
#1252=OVER_RIDING_STYLED_ITEM('',(#1427),#1337,#1367);
#1253=OVER_RIDING_STYLED_ITEM('',(#1428),#1338,#1367);
#1254=OVER_RIDING_STYLED_ITEM('',(#1429),#1339,#1367);
#1255=OVER_RIDING_STYLED_ITEM('',(#1430),#1340,#1367);
#1256=OVER_RIDING_STYLED_ITEM('',(#1431),#1341,#1367);
#1257=OVER_RIDING_STYLED_ITEM('',(#1432),#1342,#1367);
#1258=OVER_RIDING_STYLED_ITEM('',(#1433),#1343,#1367);
#1259=OVER_RIDING_STYLED_ITEM('',(#1434),#1344,#1367);
#1260=OVER_RIDING_STYLED_ITEM('',(#1435),#1345,#1367);
#1261=OVER_RIDING_STYLED_ITEM('',(#1436),#1346,#1367);
#1262=OVER_RIDING_STYLED_ITEM('',(#1437),#1347,#1367);
#1263=OVER_RIDING_STYLED_ITEM('',(#1438),#1348,#1367);
#1264=OVER_RIDING_STYLED_ITEM('',(#1439),#1349,#1367);
#1265=OVER_RIDING_STYLED_ITEM('',(#1440),#1350,#1367);
#1266=OVER_RIDING_STYLED_ITEM('',(#1441),#1351,#1367);
#1267=OVER_RIDING_STYLED_ITEM('',(#1442),#1352,#1367);
#1268=OVER_RIDING_STYLED_ITEM('',(#1443),#1353,#1367);
#1269=OVER_RIDING_STYLED_ITEM('',(#1444),#1354,#1367);
#1270=OVER_RIDING_STYLED_ITEM('',(#1445),#1355,#1367);
#1271=OVER_RIDING_STYLED_ITEM('',(#1446),#1356,#1367);
#1272=OVER_RIDING_STYLED_ITEM('',(#1447),#1357,#1367);
#1273=OVER_RIDING_STYLED_ITEM('',(#1448),#1358,#1367);
#1274=OVER_RIDING_STYLED_ITEM('',(#1449),#1359,#1367);
#1275=OVER_RIDING_STYLED_ITEM('',(#1450),#1360,#1367);
#1276=OVER_RIDING_STYLED_ITEM('',(#1451),#1361,#1367);
#1277=OVER_RIDING_STYLED_ITEM('',(#1452),#1362,#1367);
#1278=OVER_RIDING_STYLED_ITEM('',(#1453),#1363,#1367);
#1279=ADVANCED_FACE('Face appearance 2',(#998,#999,#1000,#1001,#1002,#1003,
#1004,#1005,#1006),#1146,.T.);
#1280=ADVANCED_FACE('',(#1007,#1008,#1009,#1010,#1011,#1012,#1013,#1014,
#1015),#1147,.F.);
#1281=ADVANCED_FACE('Face appearance 2',(#1016),#1148,.T.);
#1282=ADVANCED_FACE('Face appearance 2',(#1017),#1149,.F.);
#1283=ADVANCED_FACE('Face appearance 2',(#1018),#1150,.T.);
#1284=ADVANCED_FACE('Face appearance 2',(#1019),#1151,.T.);
#1285=ADVANCED_FACE('Face appearance 2',(#1020),#1152,.T.);
#1286=ADVANCED_FACE('Face appearance 2',(#1021),#1153,.F.);
#1287=ADVANCED_FACE('Face appearance 2',(#1022),#1154,.F.);
#1288=ADVANCED_FACE('Face appearance 2',(#1023),#1155,.T.);
#1289=ADVANCED_FACE('Face appearance 2',(#1024),#1156,.T.);
#1290=ADVANCED_FACE('Face appearance 2',(#1025,#1026),#26,.F.);
#1291=ADVANCED_FACE('Face appearance 2',(#1027),#1157,.T.);
#1292=ADVANCED_FACE('Face appearance 2',(#1028,#1029),#27,.F.);
#1293=ADVANCED_FACE('Face appearance 2',(#1030),#1158,.T.);
#1294=ADVANCED_FACE('Face appearance 2',(#1031,#1032),#28,.F.);
#1295=ADVANCED_FACE('Face appearance 2',(#1033),#1159,.T.);
#1296=ADVANCED_FACE('Face appearance 2',(#1034,#1035),#29,.F.);
#1297=ADVANCED_FACE('Face appearance 2',(#1036),#1160,.T.);
#1298=ADVANCED_FACE('Face appearance 2',(#1037,#1038),#30,.F.);
#1299=ADVANCED_FACE('Face appearance 2',(#1039),#1161,.T.);
#1300=ADVANCED_FACE('Face appearance 2',(#1040,#1041),#31,.F.);
#1301=ADVANCED_FACE('Face appearance 2',(#1042),#1162,.T.);
#1302=ADVANCED_FACE('Face appearance 2',(#1043,#1044),#32,.F.);
#1303=ADVANCED_FACE('Face appearance 2',(#1045),#1163,.T.);
#1304=ADVANCED_FACE('Face appearance 1',(#1046,#1047),#33,.T.);
#1305=ADVANCED_FACE('Face appearance 1',(#1048),#1164,.T.);
#1306=ADVANCED_FACE('Face appearance 1',(#1049),#1165,.T.);
#1307=ADVANCED_FACE('Face appearance 1',(#1050),#1166,.F.);
#1308=ADVANCED_FACE('Face appearance 1',(#1051),#1167,.F.);
#1309=ADVANCED_FACE('Face appearance 1',(#1052),#1168,.T.);
#1310=ADVANCED_FACE('Face appearance 1',(#1053),#1169,.T.);
#1311=ADVANCED_FACE('Face appearance 1',(#1054,#1055),#34,.T.);
#1312=ADVANCED_FACE('Face appearance 1',(#1056),#1170,.T.);
#1313=ADVANCED_FACE('Face appearance 1',(#1057,#1058),#35,.T.);
#1314=ADVANCED_FACE('Face appearance 1',(#1059),#1171,.T.);
#1315=ADVANCED_FACE('Face appearance 1',(#1060,#1061),#36,.T.);
#1316=ADVANCED_FACE('Face appearance 1',(#1062),#1172,.T.);
#1317=ADVANCED_FACE('Face appearance 1',(#1063,#1064),#37,.T.);
#1318=ADVANCED_FACE('Face appearance 1',(#1065),#1173,.T.);
#1319=ADVANCED_FACE('Face appearance 1',(#1066,#1067),#38,.T.);
#1320=ADVANCED_FACE('Face appearance 1',(#1068),#1174,.T.);
#1321=ADVANCED_FACE('Face appearance 1',(#1069,#1070),#39,.T.);
#1322=ADVANCED_FACE('Face appearance 1',(#1071),#1175,.T.);
#1323=ADVANCED_FACE('Face appearance 1',(#1072,#1073),#19,.T.);
#1324=ADVANCED_FACE('Face appearance 1',(#1074,#1075),#20,.T.);
#1325=ADVANCED_FACE('Face appearance 1',(#1076,#1077),#21,.T.);
#1326=ADVANCED_FACE('Face appearance 1',(#1078,#1079),#22,.T.);
#1327=ADVANCED_FACE('Face appearance 1',(#1080,#1081),#23,.T.);
#1328=ADVANCED_FACE('Face appearance 1',(#1082,#1083),#24,.T.);
#1329=ADVANCED_FACE('Face appearance 1',(#1084,#1085),#25,.T.);
#1330=ADVANCED_FACE('Face appearance 1',(#1086),#40,.T.);
#1331=ADVANCED_FACE('Face appearance 1',(#1087),#41,.T.);
#1332=ADVANCED_FACE('Face appearance 1',(#1088),#42,.T.);
#1333=ADVANCED_FACE('Face appearance 1',(#1089),#43,.T.);
#1334=ADVANCED_FACE('Face appearance 3',(#1090,#1091,#1092,#1093,#1094,
#1095,#1096,#1097,#1098),#1176,.T.);
#1335=ADVANCED_FACE('Face appearance 3',(#1099,#1100,#1101,#1102,#1103,
#1104,#1105,#1106,#1107),#1177,.F.);
#1336=ADVANCED_FACE('Face appearance 3',(#1108),#1178,.F.);
#1337=ADVANCED_FACE('Face appearance 3',(#1109),#1179,.T.);
#1338=ADVANCED_FACE('Face appearance 3',(#1110),#1180,.T.);
#1339=ADVANCED_FACE('Face appearance 3',(#1111),#1181,.F.);
#1340=ADVANCED_FACE('Face appearance 3',(#1112,#1113),#1182,.T.);
#1341=ADVANCED_FACE('Face appearance 2',(#1114,#1115),#44,.F.);
#1342=ADVANCED_FACE('Face appearance 2',(#1116,#1117),#1183,.T.);
#1343=ADVANCED_FACE('Face appearance 3',(#1118),#1184,.F.);
#1344=ADVANCED_FACE('Face appearance 3',(#1119),#45,.F.);
#1345=ADVANCED_FACE('Face appearance 3',(#1120),#1185,.F.);
#1346=ADVANCED_FACE('Face appearance 3',(#1121),#1186,.T.);
#1347=ADVANCED_FACE('Face appearance 3',(#1122),#1187,.T.);
#1348=ADVANCED_FACE('Face appearance 3',(#1123),#46,.F.);
#1349=ADVANCED_FACE('Face appearance 3',(#1124),#1188,.T.);
#1350=ADVANCED_FACE('Face appearance 3',(#1125),#1189,.F.);
#1351=ADVANCED_FACE('Face appearance 3',(#1126),#47,.F.);
#1352=ADVANCED_FACE('Face appearance 3',(#1127),#1190,.T.);
#1353=ADVANCED_FACE('Face appearance 2',(#1128),#1191,.T.);
#1354=ADVANCED_FACE('Face appearance 2',(#1129),#1192,.F.);
#1355=ADVANCED_FACE('Face appearance 2',(#1130),#1193,.F.);
#1356=ADVANCED_FACE('Face appearance 2',(#1131),#1194,.T.);
#1357=ADVANCED_FACE('Face appearance 2',(#1132,#1133),#48,.F.);
#1358=ADVANCED_FACE('Face appearance 2',(#1134,#1135),#49,.F.);
#1359=ADVANCED_FACE('Face appearance 2',(#1136,#1137),#50,.F.);
#1360=ADVANCED_FACE('Face appearance 2',(#1138,#1139),#51,.F.);
#1361=ADVANCED_FACE('Face appearance 2',(#1140,#1141),#52,.F.);
#1362=ADVANCED_FACE('Face appearance 2',(#1142,#1143),#53,.F.);
#1363=ADVANCED_FACE('Face appearance 2',(#1144,#1145),#54,.F.);
#1364=CLOSED_SHELL('',(#1279,#1280,#1281,#1282,#1283,#1284,#1285,#1286,
#1287,#1288,#1289,#1290,#1291,#1292,#1293,#1294,#1295,#1296,#1297,#1298,
#1299,#1300,#1301,#1302,#1303,#1304,#1305,#1306,#1307,#1308,#1309,#1310,
#1311,#1312,#1313,#1314,#1315,#1316,#1317,#1318,#1319,#1320,#1321,#1322,
#1323,#1324,#1325,#1326,#1327,#1328,#1329,#1330,#1331,#1332,#1333));
#1365=CLOSED_SHELL('',(#1334,#1335,#1336,#1337,#1338,#1339,#1340,#1341,
#1342,#1343,#1344,#1345,#1346,#1347,#1348,#1349,#1350,#1351,#1352,#1353,
#1354,#1355,#1356,#1357,#1358,#1359,#1360,#1361,#1362,#1363));
#1366=STYLED_ITEM('',(#1368),#1888);
#1367=STYLED_ITEM('',(#1423),#1889);
#1368=PRESENTATION_STYLE_ASSIGNMENT((#1454));
#1369=PRESENTATION_STYLE_ASSIGNMENT((#1455));
#1370=PRESENTATION_STYLE_ASSIGNMENT((#1456));
#1371=PRESENTATION_STYLE_ASSIGNMENT((#1457));
#1372=PRESENTATION_STYLE_ASSIGNMENT((#1458));
#1373=PRESENTATION_STYLE_ASSIGNMENT((#1459));
#1374=PRESENTATION_STYLE_ASSIGNMENT((#1460));
#1375=PRESENTATION_STYLE_ASSIGNMENT((#1461));
#1376=PRESENTATION_STYLE_ASSIGNMENT((#1462));
#1377=PRESENTATION_STYLE_ASSIGNMENT((#1463));
#1378=PRESENTATION_STYLE_ASSIGNMENT((#1464));
#1379=PRESENTATION_STYLE_ASSIGNMENT((#1465));
#1380=PRESENTATION_STYLE_ASSIGNMENT((#1466));
#1381=PRESENTATION_STYLE_ASSIGNMENT((#1467));
#1382=PRESENTATION_STYLE_ASSIGNMENT((#1468));
#1383=PRESENTATION_STYLE_ASSIGNMENT((#1469));
#1384=PRESENTATION_STYLE_ASSIGNMENT((#1470));
#1385=PRESENTATION_STYLE_ASSIGNMENT((#1471));
#1386=PRESENTATION_STYLE_ASSIGNMENT((#1472));
#1387=PRESENTATION_STYLE_ASSIGNMENT((#1473));
#1388=PRESENTATION_STYLE_ASSIGNMENT((#1474));
#1389=PRESENTATION_STYLE_ASSIGNMENT((#1475));
#1390=PRESENTATION_STYLE_ASSIGNMENT((#1476));
#1391=PRESENTATION_STYLE_ASSIGNMENT((#1477));
#1392=PRESENTATION_STYLE_ASSIGNMENT((#1478));
#1393=PRESENTATION_STYLE_ASSIGNMENT((#1479));
#1394=PRESENTATION_STYLE_ASSIGNMENT((#1480));
#1395=PRESENTATION_STYLE_ASSIGNMENT((#1481));
#1396=PRESENTATION_STYLE_ASSIGNMENT((#1482));
#1397=PRESENTATION_STYLE_ASSIGNMENT((#1483));
#1398=PRESENTATION_STYLE_ASSIGNMENT((#1484));
#1399=PRESENTATION_STYLE_ASSIGNMENT((#1485));
#1400=PRESENTATION_STYLE_ASSIGNMENT((#1486));
#1401=PRESENTATION_STYLE_ASSIGNMENT((#1487));
#1402=PRESENTATION_STYLE_ASSIGNMENT((#1488));
#1403=PRESENTATION_STYLE_ASSIGNMENT((#1489));
#1404=PRESENTATION_STYLE_ASSIGNMENT((#1490));
#1405=PRESENTATION_STYLE_ASSIGNMENT((#1491));
#1406=PRESENTATION_STYLE_ASSIGNMENT((#1492));
#1407=PRESENTATION_STYLE_ASSIGNMENT((#1493));
#1408=PRESENTATION_STYLE_ASSIGNMENT((#1494));
#1409=PRESENTATION_STYLE_ASSIGNMENT((#1495));
#1410=PRESENTATION_STYLE_ASSIGNMENT((#1496));
#1411=PRESENTATION_STYLE_ASSIGNMENT((#1497));
#1412=PRESENTATION_STYLE_ASSIGNMENT((#1498));
#1413=PRESENTATION_STYLE_ASSIGNMENT((#1499));
#1414=PRESENTATION_STYLE_ASSIGNMENT((#1500));
#1415=PRESENTATION_STYLE_ASSIGNMENT((#1501));
#1416=PRESENTATION_STYLE_ASSIGNMENT((#1502));
#1417=PRESENTATION_STYLE_ASSIGNMENT((#1503));
#1418=PRESENTATION_STYLE_ASSIGNMENT((#1504));
#1419=PRESENTATION_STYLE_ASSIGNMENT((#1505));
#1420=PRESENTATION_STYLE_ASSIGNMENT((#1506));
#1421=PRESENTATION_STYLE_ASSIGNMENT((#1507));
#1422=PRESENTATION_STYLE_ASSIGNMENT((#1508));
#1423=PRESENTATION_STYLE_ASSIGNMENT((#1509));
#1424=PRESENTATION_STYLE_ASSIGNMENT((#1510));
#1425=PRESENTATION_STYLE_ASSIGNMENT((#1511));
#1426=PRESENTATION_STYLE_ASSIGNMENT((#1512));
#1427=PRESENTATION_STYLE_ASSIGNMENT((#1513));
#1428=PRESENTATION_STYLE_ASSIGNMENT((#1514));
#1429=PRESENTATION_STYLE_ASSIGNMENT((#1515));
#1430=PRESENTATION_STYLE_ASSIGNMENT((#1516));
#1431=PRESENTATION_STYLE_ASSIGNMENT((#1517));
#1432=PRESENTATION_STYLE_ASSIGNMENT((#1518));
#1433=PRESENTATION_STYLE_ASSIGNMENT((#1519));
#1434=PRESENTATION_STYLE_ASSIGNMENT((#1520));
#1435=PRESENTATION_STYLE_ASSIGNMENT((#1521));
#1436=PRESENTATION_STYLE_ASSIGNMENT((#1522));
#1437=PRESENTATION_STYLE_ASSIGNMENT((#1523));
#1438=PRESENTATION_STYLE_ASSIGNMENT((#1524));
#1439=PRESENTATION_STYLE_ASSIGNMENT((#1525));
#1440=PRESENTATION_STYLE_ASSIGNMENT((#1526));
#1441=PRESENTATION_STYLE_ASSIGNMENT((#1527));
#1442=PRESENTATION_STYLE_ASSIGNMENT((#1528));
#1443=PRESENTATION_STYLE_ASSIGNMENT((#1529));
#1444=PRESENTATION_STYLE_ASSIGNMENT((#1530));
#1445=PRESENTATION_STYLE_ASSIGNMENT((#1531));
#1446=PRESENTATION_STYLE_ASSIGNMENT((#1532));
#1447=PRESENTATION_STYLE_ASSIGNMENT((#1533));
#1448=PRESENTATION_STYLE_ASSIGNMENT((#1534));
#1449=PRESENTATION_STYLE_ASSIGNMENT((#1535));
#1450=PRESENTATION_STYLE_ASSIGNMENT((#1536));
#1451=PRESENTATION_STYLE_ASSIGNMENT((#1537));
#1452=PRESENTATION_STYLE_ASSIGNMENT((#1538));
#1453=PRESENTATION_STYLE_ASSIGNMENT((#1539));
#1454=SURFACE_STYLE_USAGE(.BOTH.,#1540);
#1455=SURFACE_STYLE_USAGE(.BOTH.,#1541);
#1456=SURFACE_STYLE_USAGE(.BOTH.,#1542);
#1457=SURFACE_STYLE_USAGE(.BOTH.,#1543);
#1458=SURFACE_STYLE_USAGE(.BOTH.,#1544);
#1459=SURFACE_STYLE_USAGE(.BOTH.,#1545);
#1460=SURFACE_STYLE_USAGE(.BOTH.,#1546);
#1461=SURFACE_STYLE_USAGE(.BOTH.,#1547);
#1462=SURFACE_STYLE_USAGE(.BOTH.,#1548);
#1463=SURFACE_STYLE_USAGE(.BOTH.,#1549);
#1464=SURFACE_STYLE_USAGE(.BOTH.,#1550);
#1465=SURFACE_STYLE_USAGE(.BOTH.,#1551);
#1466=SURFACE_STYLE_USAGE(.BOTH.,#1552);
#1467=SURFACE_STYLE_USAGE(.BOTH.,#1553);
#1468=SURFACE_STYLE_USAGE(.BOTH.,#1554);
#1469=SURFACE_STYLE_USAGE(.BOTH.,#1555);
#1470=SURFACE_STYLE_USAGE(.BOTH.,#1556);
#1471=SURFACE_STYLE_USAGE(.BOTH.,#1557);
#1472=SURFACE_STYLE_USAGE(.BOTH.,#1558);
#1473=SURFACE_STYLE_USAGE(.BOTH.,#1559);
#1474=SURFACE_STYLE_USAGE(.BOTH.,#1560);
#1475=SURFACE_STYLE_USAGE(.BOTH.,#1561);
#1476=SURFACE_STYLE_USAGE(.BOTH.,#1562);
#1477=SURFACE_STYLE_USAGE(.BOTH.,#1563);
#1478=SURFACE_STYLE_USAGE(.BOTH.,#1564);
#1479=SURFACE_STYLE_USAGE(.BOTH.,#1565);
#1480=SURFACE_STYLE_USAGE(.BOTH.,#1566);
#1481=SURFACE_STYLE_USAGE(.BOTH.,#1567);
#1482=SURFACE_STYLE_USAGE(.BOTH.,#1568);
#1483=SURFACE_STYLE_USAGE(.BOTH.,#1569);
#1484=SURFACE_STYLE_USAGE(.BOTH.,#1570);
#1485=SURFACE_STYLE_USAGE(.BOTH.,#1571);
#1486=SURFACE_STYLE_USAGE(.BOTH.,#1572);
#1487=SURFACE_STYLE_USAGE(.BOTH.,#1573);
#1488=SURFACE_STYLE_USAGE(.BOTH.,#1574);
#1489=SURFACE_STYLE_USAGE(.BOTH.,#1575);
#1490=SURFACE_STYLE_USAGE(.BOTH.,#1576);
#1491=SURFACE_STYLE_USAGE(.BOTH.,#1577);
#1492=SURFACE_STYLE_USAGE(.BOTH.,#1578);
#1493=SURFACE_STYLE_USAGE(.BOTH.,#1579);
#1494=SURFACE_STYLE_USAGE(.BOTH.,#1580);
#1495=SURFACE_STYLE_USAGE(.BOTH.,#1581);
#1496=SURFACE_STYLE_USAGE(.BOTH.,#1582);
#1497=SURFACE_STYLE_USAGE(.BOTH.,#1583);
#1498=SURFACE_STYLE_USAGE(.BOTH.,#1584);
#1499=SURFACE_STYLE_USAGE(.BOTH.,#1585);
#1500=SURFACE_STYLE_USAGE(.BOTH.,#1586);
#1501=SURFACE_STYLE_USAGE(.BOTH.,#1587);
#1502=SURFACE_STYLE_USAGE(.BOTH.,#1588);
#1503=SURFACE_STYLE_USAGE(.BOTH.,#1589);
#1504=SURFACE_STYLE_USAGE(.BOTH.,#1590);
#1505=SURFACE_STYLE_USAGE(.BOTH.,#1591);
#1506=SURFACE_STYLE_USAGE(.BOTH.,#1592);
#1507=SURFACE_STYLE_USAGE(.BOTH.,#1593);
#1508=SURFACE_STYLE_USAGE(.BOTH.,#1594);
#1509=SURFACE_STYLE_USAGE(.BOTH.,#1595);
#1510=SURFACE_STYLE_USAGE(.BOTH.,#1596);
#1511=SURFACE_STYLE_USAGE(.BOTH.,#1597);
#1512=SURFACE_STYLE_USAGE(.BOTH.,#1598);
#1513=SURFACE_STYLE_USAGE(.BOTH.,#1599);
#1514=SURFACE_STYLE_USAGE(.BOTH.,#1600);
#1515=SURFACE_STYLE_USAGE(.BOTH.,#1601);
#1516=SURFACE_STYLE_USAGE(.BOTH.,#1602);
#1517=SURFACE_STYLE_USAGE(.BOTH.,#1603);
#1518=SURFACE_STYLE_USAGE(.BOTH.,#1604);
#1519=SURFACE_STYLE_USAGE(.BOTH.,#1605);
#1520=SURFACE_STYLE_USAGE(.BOTH.,#1606);
#1521=SURFACE_STYLE_USAGE(.BOTH.,#1607);
#1522=SURFACE_STYLE_USAGE(.BOTH.,#1608);
#1523=SURFACE_STYLE_USAGE(.BOTH.,#1609);
#1524=SURFACE_STYLE_USAGE(.BOTH.,#1610);
#1525=SURFACE_STYLE_USAGE(.BOTH.,#1611);
#1526=SURFACE_STYLE_USAGE(.BOTH.,#1612);
#1527=SURFACE_STYLE_USAGE(.BOTH.,#1613);
#1528=SURFACE_STYLE_USAGE(.BOTH.,#1614);
#1529=SURFACE_STYLE_USAGE(.BOTH.,#1615);
#1530=SURFACE_STYLE_USAGE(.BOTH.,#1616);
#1531=SURFACE_STYLE_USAGE(.BOTH.,#1617);
#1532=SURFACE_STYLE_USAGE(.BOTH.,#1618);
#1533=SURFACE_STYLE_USAGE(.BOTH.,#1619);
#1534=SURFACE_STYLE_USAGE(.BOTH.,#1620);
#1535=SURFACE_STYLE_USAGE(.BOTH.,#1621);
#1536=SURFACE_STYLE_USAGE(.BOTH.,#1622);
#1537=SURFACE_STYLE_USAGE(.BOTH.,#1623);
#1538=SURFACE_STYLE_USAGE(.BOTH.,#1624);
#1539=SURFACE_STYLE_USAGE(.BOTH.,#1625);
#1540=SURFACE_SIDE_STYLE('',(#1626));
#1541=SURFACE_SIDE_STYLE('',(#1627));
#1542=SURFACE_SIDE_STYLE('',(#1628));
#1543=SURFACE_SIDE_STYLE('',(#1629));
#1544=SURFACE_SIDE_STYLE('',(#1630));
#1545=SURFACE_SIDE_STYLE('',(#1631));
#1546=SURFACE_SIDE_STYLE('',(#1632));
#1547=SURFACE_SIDE_STYLE('',(#1633));
#1548=SURFACE_SIDE_STYLE('',(#1634));
#1549=SURFACE_SIDE_STYLE('',(#1635));
#1550=SURFACE_SIDE_STYLE('',(#1636));
#1551=SURFACE_SIDE_STYLE('',(#1637));
#1552=SURFACE_SIDE_STYLE('',(#1638));
#1553=SURFACE_SIDE_STYLE('',(#1639));
#1554=SURFACE_SIDE_STYLE('',(#1640));
#1555=SURFACE_SIDE_STYLE('',(#1641));
#1556=SURFACE_SIDE_STYLE('',(#1642));
#1557=SURFACE_SIDE_STYLE('',(#1643));
#1558=SURFACE_SIDE_STYLE('',(#1644));
#1559=SURFACE_SIDE_STYLE('',(#1645));
#1560=SURFACE_SIDE_STYLE('',(#1646));
#1561=SURFACE_SIDE_STYLE('',(#1647));
#1562=SURFACE_SIDE_STYLE('',(#1648));
#1563=SURFACE_SIDE_STYLE('',(#1649));
#1564=SURFACE_SIDE_STYLE('',(#1650));
#1565=SURFACE_SIDE_STYLE('',(#1651));
#1566=SURFACE_SIDE_STYLE('',(#1652));
#1567=SURFACE_SIDE_STYLE('',(#1653));
#1568=SURFACE_SIDE_STYLE('',(#1654));
#1569=SURFACE_SIDE_STYLE('',(#1655));
#1570=SURFACE_SIDE_STYLE('',(#1656));
#1571=SURFACE_SIDE_STYLE('',(#1657));
#1572=SURFACE_SIDE_STYLE('',(#1658));
#1573=SURFACE_SIDE_STYLE('',(#1659));
#1574=SURFACE_SIDE_STYLE('',(#1660));
#1575=SURFACE_SIDE_STYLE('',(#1661));
#1576=SURFACE_SIDE_STYLE('',(#1662));
#1577=SURFACE_SIDE_STYLE('',(#1663));
#1578=SURFACE_SIDE_STYLE('',(#1664));
#1579=SURFACE_SIDE_STYLE('',(#1665));
#1580=SURFACE_SIDE_STYLE('',(#1666));
#1581=SURFACE_SIDE_STYLE('',(#1667));
#1582=SURFACE_SIDE_STYLE('',(#1668));
#1583=SURFACE_SIDE_STYLE('',(#1669));
#1584=SURFACE_SIDE_STYLE('',(#1670));
#1585=SURFACE_SIDE_STYLE('',(#1671));
#1586=SURFACE_SIDE_STYLE('',(#1672));
#1587=SURFACE_SIDE_STYLE('',(#1673));
#1588=SURFACE_SIDE_STYLE('',(#1674));
#1589=SURFACE_SIDE_STYLE('',(#1675));
#1590=SURFACE_SIDE_STYLE('',(#1676));
#1591=SURFACE_SIDE_STYLE('',(#1677));
#1592=SURFACE_SIDE_STYLE('',(#1678));
#1593=SURFACE_SIDE_STYLE('',(#1679));
#1594=SURFACE_SIDE_STYLE('',(#1680));
#1595=SURFACE_SIDE_STYLE('',(#1681));
#1596=SURFACE_SIDE_STYLE('',(#1682));
#1597=SURFACE_SIDE_STYLE('',(#1683));
#1598=SURFACE_SIDE_STYLE('',(#1684));
#1599=SURFACE_SIDE_STYLE('',(#1685));
#1600=SURFACE_SIDE_STYLE('',(#1686));
#1601=SURFACE_SIDE_STYLE('',(#1687));
#1602=SURFACE_SIDE_STYLE('',(#1688));
#1603=SURFACE_SIDE_STYLE('',(#1689));
#1604=SURFACE_SIDE_STYLE('',(#1690));
#1605=SURFACE_SIDE_STYLE('',(#1691));
#1606=SURFACE_SIDE_STYLE('',(#1692));
#1607=SURFACE_SIDE_STYLE('',(#1693));
#1608=SURFACE_SIDE_STYLE('',(#1694));
#1609=SURFACE_SIDE_STYLE('',(#1695));
#1610=SURFACE_SIDE_STYLE('',(#1696));
#1611=SURFACE_SIDE_STYLE('',(#1697));
#1612=SURFACE_SIDE_STYLE('',(#1698));
#1613=SURFACE_SIDE_STYLE('',(#1699));
#1614=SURFACE_SIDE_STYLE('',(#1700));
#1615=SURFACE_SIDE_STYLE('',(#1701));
#1616=SURFACE_SIDE_STYLE('',(#1702));
#1617=SURFACE_SIDE_STYLE('',(#1703));
#1618=SURFACE_SIDE_STYLE('',(#1704));
#1619=SURFACE_SIDE_STYLE('',(#1705));
#1620=SURFACE_SIDE_STYLE('',(#1706));
#1621=SURFACE_SIDE_STYLE('',(#1707));
#1622=SURFACE_SIDE_STYLE('',(#1708));
#1623=SURFACE_SIDE_STYLE('',(#1709));
#1624=SURFACE_SIDE_STYLE('',(#1710));
#1625=SURFACE_SIDE_STYLE('',(#1711));
#1626=SURFACE_STYLE_FILL_AREA(#1712);
#1627=SURFACE_STYLE_FILL_AREA(#1713);
#1628=SURFACE_STYLE_FILL_AREA(#1714);
#1629=SURFACE_STYLE_FILL_AREA(#1715);
#1630=SURFACE_STYLE_FILL_AREA(#1716);
#1631=SURFACE_STYLE_FILL_AREA(#1717);
#1632=SURFACE_STYLE_FILL_AREA(#1718);
#1633=SURFACE_STYLE_FILL_AREA(#1719);
#1634=SURFACE_STYLE_FILL_AREA(#1720);
#1635=SURFACE_STYLE_FILL_AREA(#1721);
#1636=SURFACE_STYLE_FILL_AREA(#1722);
#1637=SURFACE_STYLE_FILL_AREA(#1723);
#1638=SURFACE_STYLE_FILL_AREA(#1724);
#1639=SURFACE_STYLE_FILL_AREA(#1725);
#1640=SURFACE_STYLE_FILL_AREA(#1726);
#1641=SURFACE_STYLE_FILL_AREA(#1727);
#1642=SURFACE_STYLE_FILL_AREA(#1728);
#1643=SURFACE_STYLE_FILL_AREA(#1729);
#1644=SURFACE_STYLE_FILL_AREA(#1730);
#1645=SURFACE_STYLE_FILL_AREA(#1731);
#1646=SURFACE_STYLE_FILL_AREA(#1732);
#1647=SURFACE_STYLE_FILL_AREA(#1733);
#1648=SURFACE_STYLE_FILL_AREA(#1734);
#1649=SURFACE_STYLE_FILL_AREA(#1735);
#1650=SURFACE_STYLE_FILL_AREA(#1736);
#1651=SURFACE_STYLE_FILL_AREA(#1737);
#1652=SURFACE_STYLE_FILL_AREA(#1738);
#1653=SURFACE_STYLE_FILL_AREA(#1739);
#1654=SURFACE_STYLE_FILL_AREA(#1740);
#1655=SURFACE_STYLE_FILL_AREA(#1741);
#1656=SURFACE_STYLE_FILL_AREA(#1742);
#1657=SURFACE_STYLE_FILL_AREA(#1743);
#1658=SURFACE_STYLE_FILL_AREA(#1744);
#1659=SURFACE_STYLE_FILL_AREA(#1745);
#1660=SURFACE_STYLE_FILL_AREA(#1746);
#1661=SURFACE_STYLE_FILL_AREA(#1747);
#1662=SURFACE_STYLE_FILL_AREA(#1748);
#1663=SURFACE_STYLE_FILL_AREA(#1749);
#1664=SURFACE_STYLE_FILL_AREA(#1750);
#1665=SURFACE_STYLE_FILL_AREA(#1751);
#1666=SURFACE_STYLE_FILL_AREA(#1752);
#1667=SURFACE_STYLE_FILL_AREA(#1753);
#1668=SURFACE_STYLE_FILL_AREA(#1754);
#1669=SURFACE_STYLE_FILL_AREA(#1755);
#1670=SURFACE_STYLE_FILL_AREA(#1756);
#1671=SURFACE_STYLE_FILL_AREA(#1757);
#1672=SURFACE_STYLE_FILL_AREA(#1758);
#1673=SURFACE_STYLE_FILL_AREA(#1759);
#1674=SURFACE_STYLE_FILL_AREA(#1760);
#1675=SURFACE_STYLE_FILL_AREA(#1761);
#1676=SURFACE_STYLE_FILL_AREA(#1762);
#1677=SURFACE_STYLE_FILL_AREA(#1763);
#1678=SURFACE_STYLE_FILL_AREA(#1764);
#1679=SURFACE_STYLE_FILL_AREA(#1765);
#1680=SURFACE_STYLE_FILL_AREA(#1766);
#1681=SURFACE_STYLE_FILL_AREA(#1767);
#1682=SURFACE_STYLE_FILL_AREA(#1768);
#1683=SURFACE_STYLE_FILL_AREA(#1769);
#1684=SURFACE_STYLE_FILL_AREA(#1770);
#1685=SURFACE_STYLE_FILL_AREA(#1771);
#1686=SURFACE_STYLE_FILL_AREA(#1772);
#1687=SURFACE_STYLE_FILL_AREA(#1773);
#1688=SURFACE_STYLE_FILL_AREA(#1774);
#1689=SURFACE_STYLE_FILL_AREA(#1775);
#1690=SURFACE_STYLE_FILL_AREA(#1776);
#1691=SURFACE_STYLE_FILL_AREA(#1777);
#1692=SURFACE_STYLE_FILL_AREA(#1778);
#1693=SURFACE_STYLE_FILL_AREA(#1779);
#1694=SURFACE_STYLE_FILL_AREA(#1780);
#1695=SURFACE_STYLE_FILL_AREA(#1781);
#1696=SURFACE_STYLE_FILL_AREA(#1782);
#1697=SURFACE_STYLE_FILL_AREA(#1783);
#1698=SURFACE_STYLE_FILL_AREA(#1784);
#1699=SURFACE_STYLE_FILL_AREA(#1785);
#1700=SURFACE_STYLE_FILL_AREA(#1786);
#1701=SURFACE_STYLE_FILL_AREA(#1787);
#1702=SURFACE_STYLE_FILL_AREA(#1788);
#1703=SURFACE_STYLE_FILL_AREA(#1789);
#1704=SURFACE_STYLE_FILL_AREA(#1790);
#1705=SURFACE_STYLE_FILL_AREA(#1791);
#1706=SURFACE_STYLE_FILL_AREA(#1792);
#1707=SURFACE_STYLE_FILL_AREA(#1793);
#1708=SURFACE_STYLE_FILL_AREA(#1794);
#1709=SURFACE_STYLE_FILL_AREA(#1795);
#1710=SURFACE_STYLE_FILL_AREA(#1796);
#1711=SURFACE_STYLE_FILL_AREA(#1797);
#1712=FILL_AREA_STYLE('',(#1798));
#1713=FILL_AREA_STYLE('',(#1799));
#1714=FILL_AREA_STYLE('',(#1800));
#1715=FILL_AREA_STYLE('',(#1801));
#1716=FILL_AREA_STYLE('',(#1802));
#1717=FILL_AREA_STYLE('',(#1803));
#1718=FILL_AREA_STYLE('',(#1804));
#1719=FILL_AREA_STYLE('',(#1805));
#1720=FILL_AREA_STYLE('',(#1806));
#1721=FILL_AREA_STYLE('',(#1807));
#1722=FILL_AREA_STYLE('',(#1808));
#1723=FILL_AREA_STYLE('',(#1809));
#1724=FILL_AREA_STYLE('',(#1810));
#1725=FILL_AREA_STYLE('',(#1811));
#1726=FILL_AREA_STYLE('',(#1812));
#1727=FILL_AREA_STYLE('',(#1813));
#1728=FILL_AREA_STYLE('',(#1814));
#1729=FILL_AREA_STYLE('',(#1815));
#1730=FILL_AREA_STYLE('',(#1816));
#1731=FILL_AREA_STYLE('',(#1817));
#1732=FILL_AREA_STYLE('',(#1818));
#1733=FILL_AREA_STYLE('',(#1819));
#1734=FILL_AREA_STYLE('',(#1820));
#1735=FILL_AREA_STYLE('',(#1821));
#1736=FILL_AREA_STYLE('',(#1822));
#1737=FILL_AREA_STYLE('',(#1823));
#1738=FILL_AREA_STYLE('',(#1824));
#1739=FILL_AREA_STYLE('',(#1825));
#1740=FILL_AREA_STYLE('',(#1826));
#1741=FILL_AREA_STYLE('',(#1827));
#1742=FILL_AREA_STYLE('',(#1828));
#1743=FILL_AREA_STYLE('',(#1829));
#1744=FILL_AREA_STYLE('',(#1830));
#1745=FILL_AREA_STYLE('',(#1831));
#1746=FILL_AREA_STYLE('',(#1832));
#1747=FILL_AREA_STYLE('',(#1833));
#1748=FILL_AREA_STYLE('',(#1834));
#1749=FILL_AREA_STYLE('',(#1835));
#1750=FILL_AREA_STYLE('',(#1836));
#1751=FILL_AREA_STYLE('',(#1837));
#1752=FILL_AREA_STYLE('',(#1838));
#1753=FILL_AREA_STYLE('',(#1839));
#1754=FILL_AREA_STYLE('',(#1840));
#1755=FILL_AREA_STYLE('',(#1841));
#1756=FILL_AREA_STYLE('',(#1842));
#1757=FILL_AREA_STYLE('',(#1843));
#1758=FILL_AREA_STYLE('',(#1844));
#1759=FILL_AREA_STYLE('',(#1845));
#1760=FILL_AREA_STYLE('',(#1846));
#1761=FILL_AREA_STYLE('',(#1847));
#1762=FILL_AREA_STYLE('',(#1848));
#1763=FILL_AREA_STYLE('',(#1849));
#1764=FILL_AREA_STYLE('',(#1850));
#1765=FILL_AREA_STYLE('',(#1851));
#1766=FILL_AREA_STYLE('',(#1852));
#1767=FILL_AREA_STYLE('',(#1853));
#1768=FILL_AREA_STYLE('',(#1854));
#1769=FILL_AREA_STYLE('',(#1855));
#1770=FILL_AREA_STYLE('',(#1856));
#1771=FILL_AREA_STYLE('',(#1857));
#1772=FILL_AREA_STYLE('',(#1858));
#1773=FILL_AREA_STYLE('',(#1859));
#1774=FILL_AREA_STYLE('',(#1860));
#1775=FILL_AREA_STYLE('',(#1861));
#1776=FILL_AREA_STYLE('',(#1862));
#1777=FILL_AREA_STYLE('',(#1863));
#1778=FILL_AREA_STYLE('',(#1864));
#1779=FILL_AREA_STYLE('',(#1865));
#1780=FILL_AREA_STYLE('',(#1866));
#1781=FILL_AREA_STYLE('',(#1867));
#1782=FILL_AREA_STYLE('',(#1868));
#1783=FILL_AREA_STYLE('',(#1869));
#1784=FILL_AREA_STYLE('',(#1870));
#1785=FILL_AREA_STYLE('',(#1871));
#1786=FILL_AREA_STYLE('',(#1872));
#1787=FILL_AREA_STYLE('',(#1873));
#1788=FILL_AREA_STYLE('',(#1874));
#1789=FILL_AREA_STYLE('',(#1875));
#1790=FILL_AREA_STYLE('',(#1876));
#1791=FILL_AREA_STYLE('',(#1877));
#1792=FILL_AREA_STYLE('',(#1878));
#1793=FILL_AREA_STYLE('',(#1879));
#1794=FILL_AREA_STYLE('',(#1880));
#1795=FILL_AREA_STYLE('',(#1881));
#1796=FILL_AREA_STYLE('',(#1882));
#1797=FILL_AREA_STYLE('',(#1883));
#1798=FILL_AREA_STYLE_COLOUR('',#1884);
#1799=FILL_AREA_STYLE_COLOUR('',#1885);
#1800=FILL_AREA_STYLE_COLOUR('',#1885);
#1801=FILL_AREA_STYLE_COLOUR('',#1885);
#1802=FILL_AREA_STYLE_COLOUR('',#1885);
#1803=FILL_AREA_STYLE_COLOUR('',#1885);
#1804=FILL_AREA_STYLE_COLOUR('',#1885);
#1805=FILL_AREA_STYLE_COLOUR('',#1885);
#1806=FILL_AREA_STYLE_COLOUR('',#1885);
#1807=FILL_AREA_STYLE_COLOUR('',#1885);
#1808=FILL_AREA_STYLE_COLOUR('',#1885);
#1809=FILL_AREA_STYLE_COLOUR('',#1885);
#1810=FILL_AREA_STYLE_COLOUR('',#1885);
#1811=FILL_AREA_STYLE_COLOUR('',#1885);
#1812=FILL_AREA_STYLE_COLOUR('',#1885);
#1813=FILL_AREA_STYLE_COLOUR('',#1885);
#1814=FILL_AREA_STYLE_COLOUR('',#1885);
#1815=FILL_AREA_STYLE_COLOUR('',#1885);
#1816=FILL_AREA_STYLE_COLOUR('',#1885);
#1817=FILL_AREA_STYLE_COLOUR('',#1885);
#1818=FILL_AREA_STYLE_COLOUR('',#1885);
#1819=FILL_AREA_STYLE_COLOUR('',#1885);
#1820=FILL_AREA_STYLE_COLOUR('',#1885);
#1821=FILL_AREA_STYLE_COLOUR('',#1885);
#1822=FILL_AREA_STYLE_COLOUR('',#1885);
#1823=FILL_AREA_STYLE_COLOUR('',#1886);
#1824=FILL_AREA_STYLE_COLOUR('',#1886);
#1825=FILL_AREA_STYLE_COLOUR('',#1886);
#1826=FILL_AREA_STYLE_COLOUR('',#1886);
#1827=FILL_AREA_STYLE_COLOUR('',#1886);
#1828=FILL_AREA_STYLE_COLOUR('',#1886);
#1829=FILL_AREA_STYLE_COLOUR('',#1886);
#1830=FILL_AREA_STYLE_COLOUR('',#1886);
#1831=FILL_AREA_STYLE_COLOUR('',#1886);
#1832=FILL_AREA_STYLE_COLOUR('',#1886);
#1833=FILL_AREA_STYLE_COLOUR('',#1886);
#1834=FILL_AREA_STYLE_COLOUR('',#1886);
#1835=FILL_AREA_STYLE_COLOUR('',#1886);
#1836=FILL_AREA_STYLE_COLOUR('',#1886);
#1837=FILL_AREA_STYLE_COLOUR('',#1886);
#1838=FILL_AREA_STYLE_COLOUR('',#1886);
#1839=FILL_AREA_STYLE_COLOUR('',#1886);
#1840=FILL_AREA_STYLE_COLOUR('',#1886);
#1841=FILL_AREA_STYLE_COLOUR('',#1886);
#1842=FILL_AREA_STYLE_COLOUR('',#1886);
#1843=FILL_AREA_STYLE_COLOUR('',#1886);
#1844=FILL_AREA_STYLE_COLOUR('',#1886);
#1845=FILL_AREA_STYLE_COLOUR('',#1886);
#1846=FILL_AREA_STYLE_COLOUR('',#1886);
#1847=FILL_AREA_STYLE_COLOUR('',#1886);
#1848=FILL_AREA_STYLE_COLOUR('',#1886);
#1849=FILL_AREA_STYLE_COLOUR('',#1886);
#1850=FILL_AREA_STYLE_COLOUR('',#1886);
#1851=FILL_AREA_STYLE_COLOUR('',#1886);
#1852=FILL_AREA_STYLE_COLOUR('',#1886);
#1853=FILL_AREA_STYLE_COLOUR('',#1887);
#1854=FILL_AREA_STYLE_COLOUR('',#10);
#1855=FILL_AREA_STYLE_COLOUR('',#10);
#1856=FILL_AREA_STYLE_COLOUR('',#10);
#1857=FILL_AREA_STYLE_COLOUR('',#10);
#1858=FILL_AREA_STYLE_COLOUR('',#10);
#1859=FILL_AREA_STYLE_COLOUR('',#10);
#1860=FILL_AREA_STYLE_COLOUR('',#10);
#1861=FILL_AREA_STYLE_COLOUR('',#1885);
#1862=FILL_AREA_STYLE_COLOUR('',#1885);
#1863=FILL_AREA_STYLE_COLOUR('',#10);
#1864=FILL_AREA_STYLE_COLOUR('',#10);
#1865=FILL_AREA_STYLE_COLOUR('',#10);
#1866=FILL_AREA_STYLE_COLOUR('',#10);
#1867=FILL_AREA_STYLE_COLOUR('',#10);
#1868=FILL_AREA_STYLE_COLOUR('',#10);
#1869=FILL_AREA_STYLE_COLOUR('',#10);
#1870=FILL_AREA_STYLE_COLOUR('',#10);
#1871=FILL_AREA_STYLE_COLOUR('',#10);
#1872=FILL_AREA_STYLE_COLOUR('',#10);
#1873=FILL_AREA_STYLE_COLOUR('',#1885);
#1874=FILL_AREA_STYLE_COLOUR('',#1885);
#1875=FILL_AREA_STYLE_COLOUR('',#1885);
#1876=FILL_AREA_STYLE_COLOUR('',#1885);
#1877=FILL_AREA_STYLE_COLOUR('',#1885);
#1878=FILL_AREA_STYLE_COLOUR('',#1885);
#1879=FILL_AREA_STYLE_COLOUR('',#1885);
#1880=FILL_AREA_STYLE_COLOUR('',#1885);
#1881=FILL_AREA_STYLE_COLOUR('',#1885);
#1882=FILL_AREA_STYLE_COLOUR('',#1885);
#1883=FILL_AREA_STYLE_COLOUR('',#1885);
#1884=COLOUR_RGB('',0.647058823529412,0.647058823529412,0.647058823529412);
#1885=COLOUR_RGB('',0.109803921568627,0.109803921568627,0.109803921568627);
#1886=COLOUR_RGB('',0.827450980392157,0.831372549019608,0.835294117647059);
#1887=COLOUR_RGB('',0.615686274509804,0.811764705882353,0.929411764705882);
#1888=MANIFOLD_SOLID_BREP('Part 2',#1364);
#1889=MANIFOLD_SOLID_BREP('Part 1',#1365);
#1890=SHAPE_DEFINITION_REPRESENTATION(#2789,#1892);
#1891=SHAPE_DEFINITION_REPRESENTATION(#2790,#1893);
#1892=SHAPE_REPRESENTATION('Part 2',(#1894),#2779);
#1893=SHAPE_REPRESENTATION('Part 1',(#1989),#2780);
#1894=AXIS2_PLACEMENT_3D('',#2426,#2042,#2043);
#1895=AXIS2_PLACEMENT_3D('',#2427,#2044,#2045);
#1896=AXIS2_PLACEMENT_3D('',#2428,#2046,#2047);
#1897=AXIS2_PLACEMENT_3D('',#2430,#2048,#2049);
#1898=AXIS2_PLACEMENT_3D('',#2432,#2050,#2051);
#1899=AXIS2_PLACEMENT_3D('',#2434,#2052,#2053);
#1900=AXIS2_PLACEMENT_3D('',#2436,#2054,#2055);
#1901=AXIS2_PLACEMENT_3D('',#2438,#2056,#2057);
#1902=AXIS2_PLACEMENT_3D('',#2440,#2058,#2059);
#1903=AXIS2_PLACEMENT_3D('',#2458,#2068,#2069);
#1904=AXIS2_PLACEMENT_3D('',#2459,#2070,#2071);
#1905=AXIS2_PLACEMENT_3D('',#2461,#2072,#2073);
#1906=AXIS2_PLACEMENT_3D('',#2463,#2074,#2075);
#1907=AXIS2_PLACEMENT_3D('',#2465,#2076,#2077);
#1908=AXIS2_PLACEMENT_3D('',#2467,#2078,#2079);
#1909=AXIS2_PLACEMENT_3D('',#2469,#2080,#2081);
#1910=AXIS2_PLACEMENT_3D('',#2471,#2082,#2083);
#1911=AXIS2_PLACEMENT_3D('',#2486,#2091,#2092);
#1912=AXIS2_PLACEMENT_3D('',#2492,#2096,#2097);
#1913=AXIS2_PLACEMENT_3D('',#2494,#2099,#2100);
#1914=AXIS2_PLACEMENT_3D('',#2496,#2102,#2103);
#1915=AXIS2_PLACEMENT_3D('',#2497,#2104,#2105);
#1916=AXIS2_PLACEMENT_3D('',#2503,#2109,#2110);
#1917=AXIS2_PLACEMENT_3D('',#2507,#2113,#2114);
#1918=AXIS2_PLACEMENT_3D('',#2511,#2117,#2118);
#1919=AXIS2_PLACEMENT_3D('',#2513,#2120,#2121);
#1920=AXIS2_PLACEMENT_3D('',#2514,#2122,#2123);
#1921=AXIS2_PLACEMENT_3D('',#2515,#2124,#2125);
#1922=AXIS2_PLACEMENT_3D('',#2517,#2126,#2127);
#1923=AXIS2_PLACEMENT_3D('',#2518,#2128,#2129);
#1924=AXIS2_PLACEMENT_3D('',#2519,#2130,#2131);
#1925=AXIS2_PLACEMENT_3D('',#2521,#2132,#2133);
#1926=AXIS2_PLACEMENT_3D('',#2522,#2134,#2135);
#1927=AXIS2_PLACEMENT_3D('',#2523,#2136,#2137);
#1928=AXIS2_PLACEMENT_3D('',#2525,#2138,#2139);
#1929=AXIS2_PLACEMENT_3D('',#2526,#2140,#2141);
#1930=AXIS2_PLACEMENT_3D('',#2527,#2142,#2143);
#1931=AXIS2_PLACEMENT_3D('',#2529,#2144,#2145);
#1932=AXIS2_PLACEMENT_3D('',#2530,#2146,#2147);
#1933=AXIS2_PLACEMENT_3D('',#2531,#2148,#2149);
#1934=AXIS2_PLACEMENT_3D('',#2533,#2150,#2151);
#1935=AXIS2_PLACEMENT_3D('',#2534,#2152,#2153);
#1936=AXIS2_PLACEMENT_3D('',#2535,#2154,#2155);
#1937=AXIS2_PLACEMENT_3D('',#2537,#2156,#2157);
#1938=AXIS2_PLACEMENT_3D('',#2538,#2158,#2159);
#1939=AXIS2_PLACEMENT_3D('',#2539,#2160,#2161);
#1940=AXIS2_PLACEMENT_3D('',#2541,#2162,#2163);
#1941=AXIS2_PLACEMENT_3D('',#2542,#2164,#2165);
#1942=AXIS2_PLACEMENT_3D('',#2543,#2166,#2167);
#1943=AXIS2_PLACEMENT_3D('',#2545,#2168,#2169);
#1944=AXIS2_PLACEMENT_3D('',#2546,#2170,#2171);
#1945=AXIS2_PLACEMENT_3D('',#2548,#2172,#2173);
#1946=AXIS2_PLACEMENT_3D('',#2554,#2177,#2178);
#1947=AXIS2_PLACEMENT_3D('',#2558,#2181,#2182);
#1948=AXIS2_PLACEMENT_3D('',#2562,#2185,#2186);
#1949=AXIS2_PLACEMENT_3D('',#2564,#2188,#2189);
#1950=AXIS2_PLACEMENT_3D('',#2573,#2194,#2195);
#1951=AXIS2_PLACEMENT_3D('',#2574,#2196,#2197);
#1952=AXIS2_PLACEMENT_3D('',#2576,#2198,#2199);
#1953=AXIS2_PLACEMENT_3D('',#2577,#2200,#2201);
#1954=AXIS2_PLACEMENT_3D('',#2579,#2202,#2203);
#1955=AXIS2_PLACEMENT_3D('',#2580,#2204,#2205);
#1956=AXIS2_PLACEMENT_3D('',#2582,#2206,#2207);
#1957=AXIS2_PLACEMENT_3D('',#2583,#2208,#2209);
#1958=AXIS2_PLACEMENT_3D('',#2585,#2210,#2211);
#1959=AXIS2_PLACEMENT_3D('',#2586,#2212,#2213);
#1960=AXIS2_PLACEMENT_3D('',#2588,#2214,#2215);
#1961=AXIS2_PLACEMENT_3D('',#2589,#2216,#2217);
#1962=AXIS2_PLACEMENT_3D('',#2591,#2218,#2219);
#1963=AXIS2_PLACEMENT_3D('',#2592,#2220,#2221);
#1964=AXIS2_PLACEMENT_3D('',#2594,#2222,#2223);
#1965=AXIS2_PLACEMENT_3D('',#2595,#2224,#2225);
#1966=AXIS2_PLACEMENT_3D('',#2597,#2226,#2227);
#1967=AXIS2_PLACEMENT_3D('',#2598,#2228,#2229);
#1968=AXIS2_PLACEMENT_3D('',#2600,#2230,#2231);
#1969=AXIS2_PLACEMENT_3D('',#2601,#2232,#2233);
#1970=AXIS2_PLACEMENT_3D('',#2603,#2234,#2235);
#1971=AXIS2_PLACEMENT_3D('',#2604,#2236,#2237);
#1972=AXIS2_PLACEMENT_3D('',#2606,#2238,#2239);
#1973=AXIS2_PLACEMENT_3D('',#2607,#2240,#2241);
#1974=AXIS2_PLACEMENT_3D('',#2609,#2242,#2243);
#1975=AXIS2_PLACEMENT_3D('',#2610,#2244,#2245);
#1976=AXIS2_PLACEMENT_3D('',#2611,#2246,#2247);
#1977=AXIS2_PLACEMENT_3D('',#2612,#2248,#2249);
#1978=AXIS2_PLACEMENT_3D('',#2613,#2250,#2251);
#1979=AXIS2_PLACEMENT_3D('',#2614,#2252,#2253);
#1980=AXIS2_PLACEMENT_3D('',#2615,#2254,#2255);
#1981=AXIS2_PLACEMENT_3D('',#2616,#2256,#2257);
#1982=AXIS2_PLACEMENT_3D('',#2617,#2258,#2259);
#1983=AXIS2_PLACEMENT_3D('',#2618,#2260,#2261);
#1984=AXIS2_PLACEMENT_3D('',#2619,#2262,#2263);
#1985=AXIS2_PLACEMENT_3D('',#2620,#2264,#2265);
#1986=AXIS2_PLACEMENT_3D('',#2621,#2266,#2267);
#1987=AXIS2_PLACEMENT_3D('',#2622,#2268,#2269);
#1988=AXIS2_PLACEMENT_3D('',#2623,#2270,#2271);
#1989=AXIS2_PLACEMENT_3D('',#2624,#2272,#2273);
#1990=AXIS2_PLACEMENT_3D('',#2625,#2274,#2275);
#1991=AXIS2_PLACEMENT_3D('',#2626,#2276,#2277);
#1992=AXIS2_PLACEMENT_3D('',#2628,#2278,#2279);
#1993=AXIS2_PLACEMENT_3D('',#2630,#2280,#2281);
#1994=AXIS2_PLACEMENT_3D('',#2632,#2282,#2283);
#1995=AXIS2_PLACEMENT_3D('',#2634,#2284,#2285);
#1996=AXIS2_PLACEMENT_3D('',#2636,#2286,#2287);
#1997=AXIS2_PLACEMENT_3D('',#2638,#2288,#2289);
#1998=AXIS2_PLACEMENT_3D('',#2643,#2291,#2292);
#1999=AXIS2_PLACEMENT_3D('',#2651,#2296,#2297);
#2000=AXIS2_PLACEMENT_3D('',#2657,#2300,#2301);
#2001=AXIS2_PLACEMENT_3D('',#2668,#2307,#2308);
#2002=AXIS2_PLACEMENT_3D('',#2669,#2309,#2310);
#2003=AXIS2_PLACEMENT_3D('',#2671,#2311,#2312);
#2004=AXIS2_PLACEMENT_3D('',#2673,#2313,#2314);
#2005=AXIS2_PLACEMENT_3D('',#2675,#2315,#2316);
#2006=AXIS2_PLACEMENT_3D('',#2677,#2317,#2318);
#2007=AXIS2_PLACEMENT_3D('',#2679,#2319,#2320);
#2008=AXIS2_PLACEMENT_3D('',#2681,#2321,#2322);
#2009=AXIS2_PLACEMENT_3D('',#2699,#2331,#2332);
#2010=AXIS2_PLACEMENT_3D('',#2705,#2336,#2337);
#2011=AXIS2_PLACEMENT_3D('',#2709,#2340,#2341);
#2012=AXIS2_PLACEMENT_3D('',#2713,#2344,#2345);
#2013=AXIS2_PLACEMENT_3D('',#2715,#2347,#2348);
#2014=AXIS2_PLACEMENT_3D('',#2716,#2349,#2350);
#2015=AXIS2_PLACEMENT_3D('',#2718,#2351,#2352);
#2016=AXIS2_PLACEMENT_3D('',#2719,#2353,#2354);
#2017=AXIS2_PLACEMENT_3D('',#2721,#2355,#2356);
#2018=AXIS2_PLACEMENT_3D('',#2727,#2359,#2360);
#2019=AXIS2_PLACEMENT_3D('',#2733,#2363,#2364);
#2020=AXIS2_PLACEMENT_3D('',#2741,#2368,#2369);
#2021=AXIS2_PLACEMENT_3D('',#2742,#2370,#2371);
#2022=AXIS2_PLACEMENT_3D('',#2745,#2374,#2375);
#2023=AXIS2_PLACEMENT_3D('',#2747,#2377,#2378);
#2024=AXIS2_PLACEMENT_3D('',#2749,#2380,#2381);
#2025=AXIS2_PLACEMENT_3D('',#2751,#2383,#2384);
#2026=AXIS2_PLACEMENT_3D('',#2753,#2386,#2387);
#2027=AXIS2_PLACEMENT_3D('',#2755,#2389,#2390);
#2028=AXIS2_PLACEMENT_3D('',#2757,#2392,#2393);
#2029=AXIS2_PLACEMENT_3D('',#2759,#2395,#2396);
#2030=AXIS2_PLACEMENT_3D('',#2761,#2398,#2399);
#2031=AXIS2_PLACEMENT_3D('',#2762,#2400,#2401);
#2032=AXIS2_PLACEMENT_3D('',#2765,#2404,#2405);
#2033=AXIS2_PLACEMENT_3D('',#2767,#2407,#2408);
#2034=AXIS2_PLACEMENT_3D('',#2769,#2410,#2411);
#2035=AXIS2_PLACEMENT_3D('',#2770,#2412,#2413);
#2036=AXIS2_PLACEMENT_3D('',#2771,#2414,#2415);
#2037=AXIS2_PLACEMENT_3D('',#2772,#2416,#2417);
#2038=AXIS2_PLACEMENT_3D('',#2773,#2418,#2419);
#2039=AXIS2_PLACEMENT_3D('',#2774,#2420,#2421);
#2040=AXIS2_PLACEMENT_3D('',#2775,#2422,#2423);
#2041=AXIS2_PLACEMENT_3D('',#2776,#2424,#2425);
#2042=DIRECTION('',(0.,0.,1.));
#2043=DIRECTION('',(1.,0.,0.));
#2044=DIRECTION('',(0.,-1.,0.));
#2045=DIRECTION('',(-1.,0.,0.));
#2046=DIRECTION('',(0.,-1.,0.));
#2047=DIRECTION('',(-1.,0.,0.));
#2048=DIRECTION('',(0.,-1.,0.));
#2049=DIRECTION('',(-1.,0.,0.));
#2050=DIRECTION('',(0.,-1.,0.));
#2051=DIRECTION('',(-1.,0.,0.));
#2052=DIRECTION('',(0.,-1.,0.));
#2053=DIRECTION('',(-1.,0.,0.));
#2054=DIRECTION('',(0.,-1.,0.));
#2055=DIRECTION('',(-1.,0.,0.));
#2056=DIRECTION('',(0.,-1.,0.));
#2057=DIRECTION('',(-1.,0.,0.));
#2058=DIRECTION('',(0.,-1.,0.));
#2059=DIRECTION('',(-1.,0.,0.));
#2060=DIRECTION('',(1.,0.,0.));
#2061=DIRECTION('',(0.,0.,1.));
#2062=DIRECTION('',(1.,0.,0.));
#2063=DIRECTION('',(0.,0.,1.));
#2064=DIRECTION('',(0.,0.,-1.));
#2065=DIRECTION('',(1.,0.,0.));
#2066=DIRECTION('',(0.,0.,-1.));
#2067=DIRECTION('',(1.,0.,0.));
#2068=DIRECTION('',(0.,0.,-1.));
#2069=DIRECTION('',(-1.,0.,0.));
#2070=DIRECTION('',(0.,0.,-1.));
#2071=DIRECTION('',(0.,1.,0.));
#2072=DIRECTION('',(0.,0.,-1.));
#2073=DIRECTION('',(0.,1.,0.));
#2074=DIRECTION('',(0.,0.,-1.));
#2075=DIRECTION('',(0.,1.,0.));
#2076=DIRECTION('',(0.,0.,-1.));
#2077=DIRECTION('',(0.,1.,0.));
#2078=DIRECTION('',(0.,0.,-1.));
#2079=DIRECTION('',(0.,1.,0.));
#2080=DIRECTION('',(0.,0.,-1.));
#2081=DIRECTION('',(0.,1.,0.));
#2082=DIRECTION('',(0.,0.,-1.));
#2083=DIRECTION('',(0.,1.,0.));
#2084=DIRECTION('',(-1.,0.,0.));
#2085=DIRECTION('',(6.7762635780344E-17,-1.,0.));
#2086=DIRECTION('',(6.7762635780344E-17,-1.,0.));
#2087=DIRECTION('',(-1.,0.,0.));
#2088=DIRECTION('',(0.,1.,0.));
#2089=DIRECTION('',(-1.,0.,0.));
#2090=DIRECTION('',(0.,1.,0.));
#2091=DIRECTION('',(0.,1.,0.));
#2092=DIRECTION('',(1.,0.,0.));
#2093=DIRECTION('',(0.,0.,1.));
#2094=DIRECTION('',(-1.,0.,0.));
#2095=DIRECTION('',(0.,0.,1.));
#2096=DIRECTION('',(-1.,-6.7762635780344E-17,0.));
#2097=DIRECTION('',(-6.7762635780344E-17,1.,0.));
#2098=DIRECTION('',(6.7762635780344E-17,-1.,0.));
#2099=DIRECTION('',(-1.,-6.7762635780344E-17,0.));
#2100=DIRECTION('',(-6.7762635780344E-17,1.,0.));
#2101=DIRECTION('',(6.7762635780344E-17,-1.,0.));
#2102=DIRECTION('',(0.,0.,-1.));
#2103=DIRECTION('',(-1.,0.,0.));
#2104=DIRECTION('',(0.,-1.,0.));
#2105=DIRECTION('',(-1.,0.,0.));
#2106=DIRECTION('',(0.,0.,1.));
#2107=DIRECTION('',(1.,0.,0.));
#2108=DIRECTION('',(0.,0.,1.));
#2109=DIRECTION('',(-1.,0.,0.));
#2110=DIRECTION('',(0.,1.,0.));
#2111=DIRECTION('',(0.,0.,1.));
#2112=DIRECTION('',(0.,-1.,0.));
#2113=DIRECTION('',(0.,-1.,0.));
#2114=DIRECTION('',(-1.,0.,0.));
#2115=DIRECTION('',(0.,0.,1.));
#2116=DIRECTION('',(1.,0.,0.));
#2117=DIRECTION('',(-1.,0.,0.));
#2118=DIRECTION('',(0.,1.,0.));
#2119=DIRECTION('',(0.,-1.,0.));
#2120=DIRECTION('',(0.,0.,1.));
#2121=DIRECTION('',(1.,0.,0.));
#2122=DIRECTION('',(0.,0.,1.));
#2123=DIRECTION('',(0.,-1.,0.));
#2124=DIRECTION('',(0.,0.,1.));
#2125=DIRECTION('',(0.,-1.,0.));
#2126=DIRECTION('',(0.,0.,1.));
#2127=DIRECTION('',(1.,0.,0.));
#2128=DIRECTION('',(0.,0.,1.));
#2129=DIRECTION('',(0.,-1.,0.));
#2130=DIRECTION('',(0.,0.,1.));
#2131=DIRECTION('',(0.,-1.,0.));
#2132=DIRECTION('',(0.,0.,1.));
#2133=DIRECTION('',(1.,0.,0.));
#2134=DIRECTION('',(0.,0.,1.));
#2135=DIRECTION('',(0.,-1.,0.));
#2136=DIRECTION('',(0.,0.,1.));
#2137=DIRECTION('',(0.,-1.,0.));
#2138=DIRECTION('',(0.,0.,1.));
#2139=DIRECTION('',(1.,0.,0.));
#2140=DIRECTION('',(0.,0.,1.));
#2141=DIRECTION('',(0.,-1.,0.));
#2142=DIRECTION('',(0.,0.,1.));
#2143=DIRECTION('',(0.,-1.,0.));
#2144=DIRECTION('',(0.,0.,1.));
#2145=DIRECTION('',(1.,0.,0.));
#2146=DIRECTION('',(0.,0.,1.));
#2147=DIRECTION('',(0.,-1.,0.));
#2148=DIRECTION('',(0.,0.,1.));
#2149=DIRECTION('',(0.,-1.,0.));
#2150=DIRECTION('',(0.,0.,1.));
#2151=DIRECTION('',(1.,0.,0.));
#2152=DIRECTION('',(0.,0.,1.));
#2153=DIRECTION('',(0.,-1.,0.));
#2154=DIRECTION('',(0.,0.,1.));
#2155=DIRECTION('',(0.,-1.,0.));
#2156=DIRECTION('',(0.,0.,1.));
#2157=DIRECTION('',(1.,0.,0.));
#2158=DIRECTION('',(0.,0.,1.));
#2159=DIRECTION('',(0.,-1.,0.));
#2160=DIRECTION('',(0.,0.,1.));
#2161=DIRECTION('',(0.,-1.,0.));
#2162=DIRECTION('',(0.,0.,1.));
#2163=DIRECTION('',(1.,0.,0.));
#2164=DIRECTION('',(0.,1.,0.));
#2165=DIRECTION('',(1.,0.,0.));
#2166=DIRECTION('',(0.,-1.,0.));
#2167=DIRECTION('',(-1.,0.,0.));
#2168=DIRECTION('',(0.,-1.,0.));
#2169=DIRECTION('',(1.,0.,0.));
#2170=DIRECTION('',(0.,-1.,0.));
#2171=DIRECTION('',(-1.,0.,0.));
#2172=DIRECTION('',(0.,0.,1.));
#2173=DIRECTION('',(0.,-1.,0.));
#2174=DIRECTION('',(0.,1.,0.));
#2175=DIRECTION('',(1.,0.,0.));
#2176=DIRECTION('',(0.,1.,0.));
#2177=DIRECTION('',(1.,0.,0.));
#2178=DIRECTION('',(0.,-1.,0.));
#2179=DIRECTION('',(0.,1.,0.));
#2180=DIRECTION('',(0.,0.,-1.));
#2181=DIRECTION('',(0.,0.,1.));
#2182=DIRECTION('',(0.,-1.,0.));
#2183=DIRECTION('',(0.,1.,0.));
#2184=DIRECTION('',(1.,0.,0.));
#2185=DIRECTION('',(1.,0.,0.));
#2186=DIRECTION('',(0.,-1.,0.));
#2187=DIRECTION('',(0.,0.,-1.));
#2188=DIRECTION('',(0.,-1.,0.));
#2189=DIRECTION('',(1.,0.,0.));
#2190=DIRECTION('',(1.,0.,0.));
#2191=DIRECTION('',(0.,0.,-1.));
#2192=DIRECTION('',(1.,0.,0.));
#2193=DIRECTION('',(0.,0.,-1.));
#2194=DIRECTION('',(0.,1.,0.));
#2195=DIRECTION('',(1.,0.,0.));
#2196=DIRECTION('',(0.,-1.,0.));
#2197=DIRECTION('',(-1.,0.,0.));
#2198=DIRECTION('',(0.,-1.,0.));
#2199=DIRECTION('',(1.,0.,0.));
#2200=DIRECTION('',(0.,-1.,0.));
#2201=DIRECTION('',(-1.,0.,0.));
#2202=DIRECTION('',(0.,1.,0.));
#2203=DIRECTION('',(1.,0.,0.));
#2204=DIRECTION('',(0.,-1.,0.));
#2205=DIRECTION('',(-1.,0.,0.));
#2206=DIRECTION('',(0.,-1.,0.));
#2207=DIRECTION('',(1.,0.,0.));
#2208=DIRECTION('',(0.,-1.,0.));
#2209=DIRECTION('',(-1.,0.,0.));
#2210=DIRECTION('',(0.,1.,0.));
#2211=DIRECTION('',(1.,0.,0.));
#2212=DIRECTION('',(0.,-1.,0.));
#2213=DIRECTION('',(-1.,0.,0.));
#2214=DIRECTION('',(0.,-1.,0.));
#2215=DIRECTION('',(1.,0.,0.));
#2216=DIRECTION('',(0.,-1.,0.));
#2217=DIRECTION('',(-1.,0.,0.));
#2218=DIRECTION('',(0.,1.,0.));
#2219=DIRECTION('',(1.,0.,0.));
#2220=DIRECTION('',(0.,-1.,0.));
#2221=DIRECTION('',(-1.,0.,0.));
#2222=DIRECTION('',(0.,-1.,0.));
#2223=DIRECTION('',(1.,0.,0.));
#2224=DIRECTION('',(0.,-1.,0.));
#2225=DIRECTION('',(-1.,0.,0.));
#2226=DIRECTION('',(0.,1.,0.));
#2227=DIRECTION('',(1.,0.,0.));
#2228=DIRECTION('',(0.,-1.,0.));
#2229=DIRECTION('',(-1.,0.,0.));
#2230=DIRECTION('',(0.,-1.,0.));
#2231=DIRECTION('',(1.,0.,0.));
#2232=DIRECTION('',(0.,-1.,0.));
#2233=DIRECTION('',(-1.,0.,0.));
#2234=DIRECTION('',(0.,1.,0.));
#2235=DIRECTION('',(1.,0.,0.));
#2236=DIRECTION('',(0.,-1.,0.));
#2237=DIRECTION('',(-1.,0.,0.));
#2238=DIRECTION('',(0.,-1.,0.));
#2239=DIRECTION('',(1.,0.,0.));
#2240=DIRECTION('',(0.,-1.,0.));
#2241=DIRECTION('',(-1.,0.,0.));
#2242=DIRECTION('',(0.,-1.,0.));
#2243=DIRECTION('',(-1.,0.,0.));
#2244=DIRECTION('',(0.,-1.,0.));
#2245=DIRECTION('',(-1.,0.,0.));
#2246=DIRECTION('',(0.,-1.,0.));
#2247=DIRECTION('',(-1.,0.,0.));
#2248=DIRECTION('',(0.,-1.,0.));
#2249=DIRECTION('',(-1.,0.,0.));
#2250=DIRECTION('',(0.,-1.,0.));
#2251=DIRECTION('',(-1.,0.,0.));
#2252=DIRECTION('',(0.,-1.,0.));
#2253=DIRECTION('',(-1.,0.,0.));
#2254=DIRECTION('',(0.,-1.,0.));
#2255=DIRECTION('',(-1.,0.,0.));
#2256=DIRECTION('',(1.,0.,0.));
#2257=DIRECTION('',(0.,-1.,0.));
#2258=DIRECTION('',(0.707106781186548,0.,-0.707106781186548));
#2259=DIRECTION('',(-0.707106781186548,0.,-0.707106781186548));
#2260=DIRECTION('',(0.707106781186548,0.,0.707106781186548));
#2261=DIRECTION('',(-0.707106781186548,0.,0.707106781186548));
#2262=DIRECTION('',(0.,0.,1.));
#2263=DIRECTION('',(0.,-1.,0.));
#2264=DIRECTION('',(-0.707106781186548,0.,0.707106781186548));
#2265=DIRECTION('',(0.707106781186548,0.,0.707106781186548));
#2266=DIRECTION('',(0.,0.,-1.));
#2267=DIRECTION('',(0.,1.,0.));
#2268=DIRECTION('',(-0.707106781186548,0.,-0.707106781186548));
#2269=DIRECTION('',(0.707106781186548,0.,-0.707106781186548));
#2270=DIRECTION('',(-1.,0.,0.));
#2271=DIRECTION('',(0.,1.,0.));
#2272=DIRECTION('',(0.,0.,1.));
#2273=DIRECTION('',(1.,0.,0.));
#2274=DIRECTION('',(0.,0.,1.));
#2275=DIRECTION('',(1.,0.,0.));
#2276=DIRECTION('',(0.,0.,1.));
#2277=DIRECTION('',(0.,-1.,0.));
#2278=DIRECTION('',(0.,0.,1.));
#2279=DIRECTION('',(0.,-1.,0.));
#2280=DIRECTION('',(0.,0.,1.));
#2281=DIRECTION('',(0.,-1.,0.));
#2282=DIRECTION('',(0.,0.,1.));
#2283=DIRECTION('',(0.,-1.,0.));
#2284=DIRECTION('',(0.,0.,1.));
#2285=DIRECTION('',(0.,-1.,0.));
#2286=DIRECTION('',(0.,0.,1.));
#2287=DIRECTION('',(0.,-1.,0.));
#2288=DIRECTION('',(0.,0.,1.));
#2289=DIRECTION('',(0.,-1.,0.));
#2290=DIRECTION('',(1.,0.,0.));
#2291=DIRECTION('',(0.,0.,1.));
#2292=DIRECTION('',(0.,-1.,0.));
#2293=DIRECTION('',(0.,-1.,0.));
#2294=DIRECTION('',(1.,0.,0.));
#2295=DIRECTION('',(0.,-1.,0.));
#2296=DIRECTION('',(0.,0.,1.));
#2297=DIRECTION('',(0.,-1.,0.));
#2298=DIRECTION('',(-1.,0.,0.));
#2299=DIRECTION('',(0.,-1.,0.));
#2300=DIRECTION('',(0.,0.,1.));
#2301=DIRECTION('',(0.,-1.,0.));
#2302=DIRECTION('',(0.,-1.,0.));
#2303=DIRECTION('',(0.,-1.,0.));
#2304=DIRECTION('',(1.,0.,0.));
#2305=DIRECTION('',(0.,-1.,0.));
#2306=DIRECTION('',(1.,0.,0.));
#2307=DIRECTION('',(0.,0.,1.));
#2308=DIRECTION('',(1.,0.,0.));
#2309=DIRECTION('',(0.,0.,1.));
#2310=DIRECTION('',(0.,-1.,0.));
#2311=DIRECTION('',(0.,0.,1.));
#2312=DIRECTION('',(0.,-1.,0.));
#2313=DIRECTION('',(0.,0.,1.));
#2314=DIRECTION('',(0.,-1.,0.));
#2315=DIRECTION('',(0.,0.,1.));
#2316=DIRECTION('',(0.,-1.,0.));
#2317=DIRECTION('',(0.,0.,1.));
#2318=DIRECTION('',(0.,-1.,0.));
#2319=DIRECTION('',(0.,0.,1.));
#2320=DIRECTION('',(0.,-1.,0.));
#2321=DIRECTION('',(0.,0.,1.));
#2322=DIRECTION('',(0.,-1.,0.));
#2323=DIRECTION('',(1.,0.,0.));
#2324=DIRECTION('',(6.7762635780344E-17,-1.,0.));
#2325=DIRECTION('',(1.,0.,0.));
#2326=DIRECTION('',(6.7762635780344E-17,-1.,0.));
#2327=DIRECTION('',(1.,0.,0.));
#2328=DIRECTION('',(0.,-1.,0.));
#2329=DIRECTION('',(1.,0.,0.));
#2330=DIRECTION('',(0.,-1.,0.));
#2331=DIRECTION('',(0.,-1.,0.));
#2332=DIRECTION('',(-1.,0.,0.));
#2333=DIRECTION('',(1.,0.,0.));
#2334=DIRECTION('',(0.,0.,1.));
#2335=DIRECTION('',(0.,0.,1.));
#2336=DIRECTION('',(-1.,-6.7762635780344E-17,0.));
#2337=DIRECTION('',(-6.7762635780344E-17,1.,0.));
#2338=DIRECTION('',(6.7762635780344E-17,-1.,0.));
#2339=DIRECTION('',(0.,0.,1.));
#2340=DIRECTION('',(0.,-1.,0.));
#2341=DIRECTION('',(-1.,0.,0.));
#2342=DIRECTION('',(1.,0.,0.));
#2343=DIRECTION('',(0.,0.,1.));
#2344=DIRECTION('',(-1.,-6.7762635780344E-17,0.));
#2345=DIRECTION('',(-6.7762635780344E-17,1.,0.));
#2346=DIRECTION('',(6.7762635780344E-17,-1.,0.));
#2347=DIRECTION('',(0.,0.,1.));
#2348=DIRECTION('',(1.,0.,0.));
#2349=DIRECTION('',(0.,0.,1.));
#2350=DIRECTION('',(0.,-1.,0.));
#2351=DIRECTION('',(0.,0.,1.));
#2352=DIRECTION('',(0.,-1.,0.));
#2353=DIRECTION('',(0.,0.,1.));
#2354=DIRECTION('',(0.,-1.,0.));
#2355=DIRECTION('',(0.,0.,1.));
#2356=DIRECTION('',(1.,0.,0.));
#2357=DIRECTION('',(1.,0.,0.));
#2358=DIRECTION('',(0.,-1.,0.));
#2359=DIRECTION('',(0.,0.,1.));
#2360=DIRECTION('',(0.,-1.,0.));
#2361=DIRECTION('',(0.,-1.,0.));
#2362=DIRECTION('',(-1.,0.,0.));
#2363=DIRECTION('',(0.,0.,1.));
#2364=DIRECTION('',(0.,-1.,0.));
#2365=DIRECTION('',(0.,-1.,0.));
#2366=DIRECTION('',(1.,0.,0.));
#2367=DIRECTION('',(0.,-1.,0.));
#2368=DIRECTION('',(0.,0.,1.));
#2369=DIRECTION('',(0.,-1.,0.));
#2370=DIRECTION('',(0.,-1.,0.));
#2371=DIRECTION('',(-1.,0.,0.));
#2372=DIRECTION('',(0.,0.,1.));
#2373=DIRECTION('',(0.,0.,1.));
#2374=DIRECTION('',(0.,0.,1.));
#2375=DIRECTION('',(0.,-1.,0.));
#2376=DIRECTION('',(0.,0.,1.));
#2377=DIRECTION('',(-1.,0.,0.));
#2378=DIRECTION('',(0.,1.,0.));
#2379=DIRECTION('',(0.,0.,1.));
#2380=DIRECTION('',(0.,-1.,0.));
#2381=DIRECTION('',(-1.,0.,0.));
#2382=DIRECTION('',(0.,0.,1.));
#2383=DIRECTION('',(-1.,0.,0.));
#2384=DIRECTION('',(0.,1.,0.));
#2385=DIRECTION('',(0.,0.,1.));
#2386=DIRECTION('',(0.,0.,1.));
#2387=DIRECTION('',(0.,-1.,0.));
#2388=DIRECTION('',(0.,0.,1.));
#2389=DIRECTION('',(0.,1.,0.));
#2390=DIRECTION('',(1.,0.,0.));
#2391=DIRECTION('',(0.,0.,1.));
#2392=DIRECTION('',(-1.,0.,0.));
#2393=DIRECTION('',(0.,1.,0.));
#2394=DIRECTION('',(0.,0.,1.));
#2395=DIRECTION('',(0.,0.,1.));
#2396=DIRECTION('',(0.,-1.,0.));
#2397=DIRECTION('',(0.,0.,1.));
#2398=DIRECTION('',(-1.,0.,0.));
#2399=DIRECTION('',(0.,1.,0.));
#2400=DIRECTION('',(0.,-1.,0.));
#2401=DIRECTION('',(-1.,0.,0.));
#2402=DIRECTION('',(0.,0.,1.));
#2403=DIRECTION('',(0.,0.,1.));
#2404=DIRECTION('',(-1.,0.,0.));
#2405=DIRECTION('',(0.,1.,0.));
#2406=DIRECTION('',(0.,0.,1.));
#2407=DIRECTION('',(0.,-1.,0.));
#2408=DIRECTION('',(-1.,0.,0.));
#2409=DIRECTION('',(0.,0.,1.));
#2410=DIRECTION('',(-1.,0.,0.));
#2411=DIRECTION('',(0.,1.,0.));
#2412=DIRECTION('',(0.,0.,1.));
#2413=DIRECTION('',(0.,-1.,0.));
#2414=DIRECTION('',(0.,0.,1.));
#2415=DIRECTION('',(0.,-1.,0.));
#2416=DIRECTION('',(0.,0.,1.));
#2417=DIRECTION('',(0.,-1.,0.));
#2418=DIRECTION('',(0.,0.,1.));
#2419=DIRECTION('',(0.,-1.,0.));
#2420=DIRECTION('',(0.,0.,1.));
#2421=DIRECTION('',(0.,-1.,0.));
#2422=DIRECTION('',(0.,0.,1.));
#2423=DIRECTION('',(0.,-1.,0.));
#2424=DIRECTION('',(0.,0.,1.));
#2425=DIRECTION('',(0.,-1.,0.));
#2426=CARTESIAN_POINT('',(0.,0.,0.));
#2427=CARTESIAN_POINT('',(0.,0.,-0.0124));
#2428=CARTESIAN_POINT('',(-0.0034,0.,-0.011));
#2429=CARTESIAN_POINT('',(-0.00385,0.,-0.011));
#2430=CARTESIAN_POINT('',(0.0034,0.,-0.0085));
#2431=CARTESIAN_POINT('',(0.00295,0.,-0.0085));
#2432=CARTESIAN_POINT('',(0.0013,0.,-0.0085));
#2433=CARTESIAN_POINT('',(0.00085,0.,-0.0085));
#2434=CARTESIAN_POINT('',(-0.0013,0.,-0.0085));
#2435=CARTESIAN_POINT('',(-0.00175,0.,-0.0085));
#2436=CARTESIAN_POINT('',(-0.0009,0.,-0.011));
#2437=CARTESIAN_POINT('',(-0.00135,0.,-0.011));
#2438=CARTESIAN_POINT('',(0.0034,0.,-0.011));
#2439=CARTESIAN_POINT('',(0.00295,0.,-0.011));
#2440=CARTESIAN_POINT('',(-0.0034,0.,-0.0085));
#2441=CARTESIAN_POINT('',(-0.00385,0.,-0.0085));
#2442=CARTESIAN_POINT('',(0.,0.,-0.0018));
#2443=CARTESIAN_POINT('',(-0.007,0.,-0.0018));
#2444=CARTESIAN_POINT('',(0.007,0.,-0.0018));
#2445=CARTESIAN_POINT('',(-0.007,0.,-0.0124));
#2446=CARTESIAN_POINT('',(-0.007,0.,-0.0124));
#2447=CARTESIAN_POINT('',(0.,0.,-0.0124));
#2448=CARTESIAN_POINT('',(0.007,0.,-0.0124));
#2449=CARTESIAN_POINT('',(0.007,0.,-0.0124));
#2450=CARTESIAN_POINT('',(-0.0011,0.,-0.0054));
#2451=CARTESIAN_POINT('',(-0.0011,0.,-0.00505));
#2452=CARTESIAN_POINT('',(-0.0011,0.,-0.00575));
#2453=CARTESIAN_POINT('',(0.,0.,-0.00505));
#2454=CARTESIAN_POINT('',(0.0011,0.,-0.00505));
#2455=CARTESIAN_POINT('',(0.0011,0.,-0.0054));
#2456=CARTESIAN_POINT('',(0.0011,0.,-0.00575));
#2457=CARTESIAN_POINT('',(0.,0.,-0.00575));
#2458=CARTESIAN_POINT('',(0.,0.0064,-0.0018));
#2459=CARTESIAN_POINT('',(-0.0015,0.004,-0.0018));
#2460=CARTESIAN_POINT('',(-0.0015,0.0045,-0.0018));
#2461=CARTESIAN_POINT('',(0.0015,0.004,-0.0018));
#2462=CARTESIAN_POINT('',(0.0015,0.0045,-0.0018));
#2463=CARTESIAN_POINT('',(-1.0842021724855E-19,0.00833741394347297,-0.0018));
#2464=CARTESIAN_POINT('',(-1.0842021724855E-19,0.00883741394347297,-0.0018));
#2465=CARTESIAN_POINT('',(-0.002,0.0078,-0.0018));
#2466=CARTESIAN_POINT('',(-0.002,0.0083,-0.0018));
#2467=CARTESIAN_POINT('',(-0.00325,0.00625,-0.0018));
#2468=CARTESIAN_POINT('',(-0.00325,0.00675,-0.0018));
#2469=CARTESIAN_POINT('',(0.002,0.0078,-0.0018));
#2470=CARTESIAN_POINT('',(0.002,0.0083,-0.0018));
#2471=CARTESIAN_POINT('',(0.00325,0.00625,-0.0018));
#2472=CARTESIAN_POINT('',(0.00325,0.00675,-0.0018));
#2473=CARTESIAN_POINT('',(1.7347234759768E-18,0.0123,-0.0018));
#2474=CARTESIAN_POINT('',(0.007,0.0123,-0.0018));
#2475=CARTESIAN_POINT('',(-0.007,0.0123,-0.0018));
#2476=CARTESIAN_POINT('',(-0.007,0.0064,-0.0018));
#2477=CARTESIAN_POINT('',(0.007,0.0064,-0.0018));
#2478=CARTESIAN_POINT('',(0.,0.006,-0.0018));
#2479=CARTESIAN_POINT('',(0.0015,0.006,-0.0018));
#2480=CARTESIAN_POINT('',(-0.0015,0.006,-0.0018));
#2481=CARTESIAN_POINT('',(0.0015,0.0064,-0.0018));
#2482=CARTESIAN_POINT('',(0.0015,0.005,-0.0018));
#2483=CARTESIAN_POINT('',(0.,0.005,-0.0018));
#2484=CARTESIAN_POINT('',(-0.0015,0.005,-0.0018));
#2485=CARTESIAN_POINT('',(-0.0015,0.0064,-0.0018));
#2486=CARTESIAN_POINT('',(1.7347234759768E-18,0.0123,-0.0124));
#2487=CARTESIAN_POINT('',(0.007,0.0123,-0.0124));
#2488=CARTESIAN_POINT('',(0.007,0.0123,-0.0124));
#2489=CARTESIAN_POINT('',(1.7347234759768E-18,0.0123,-0.0124));
#2490=CARTESIAN_POINT('',(-0.007,0.0123,-0.0124));
#2491=CARTESIAN_POINT('',(-0.007,0.0123,-0.0124));
#2492=CARTESIAN_POINT('',(0.007,0.0064,-0.0124));
#2493=CARTESIAN_POINT('',(0.007,0.0064,-0.0124));
#2494=CARTESIAN_POINT('',(-0.007,0.0064,-0.0124));
#2495=CARTESIAN_POINT('',(-0.007,0.0064,-0.0124));
#2496=CARTESIAN_POINT('',(0.,0.0064,-0.0124));
#2497=CARTESIAN_POINT('',(2.16840434497101E-19,0.006,-0.00575));
#2498=CARTESIAN_POINT('',(-0.0015,0.006,-0.00575));
#2499=CARTESIAN_POINT('',(-0.0015,0.006,-0.00575));
#2500=CARTESIAN_POINT('',(2.16840434497101E-19,0.006,-0.00575));
#2501=CARTESIAN_POINT('',(0.0015,0.006,-0.00575));
#2502=CARTESIAN_POINT('',(0.0015,0.006,-0.00575));
#2503=CARTESIAN_POINT('',(-0.0015,0.0055,-0.00575));
#2504=CARTESIAN_POINT('',(-0.0015,0.005,-0.00575));
#2505=CARTESIAN_POINT('',(-0.0015,0.005,-0.00575));
#2506=CARTESIAN_POINT('',(-0.0015,0.0055,-0.00575));
#2507=CARTESIAN_POINT('',(2.16840434497101E-19,0.005,-0.00575));
#2508=CARTESIAN_POINT('',(0.0015,0.005,-0.00575));
#2509=CARTESIAN_POINT('',(0.0015,0.005,-0.00575));
#2510=CARTESIAN_POINT('',(2.16840434497101E-19,0.005,-0.00575));
#2511=CARTESIAN_POINT('',(0.0015,0.0055,-0.00575));
#2512=CARTESIAN_POINT('',(0.0015,0.0055,-0.00575));
#2513=CARTESIAN_POINT('',(0.,0.00636569895181232,-0.00575));
#2514=CARTESIAN_POINT('',(0.00325,0.00625,-0.00575));
#2515=CARTESIAN_POINT('',(0.00325,0.00625,-0.00575));
#2516=CARTESIAN_POINT('',(0.00325,0.00575,-0.00575));
#2517=CARTESIAN_POINT('',(0.,0.00636569895181232,-0.00575));
#2518=CARTESIAN_POINT('',(0.002,0.0078,-0.00575));
#2519=CARTESIAN_POINT('',(0.002,0.0078,-0.00575));
#2520=CARTESIAN_POINT('',(0.002,0.0073,-0.00575));
#2521=CARTESIAN_POINT('',(0.,0.00636569895181232,-0.00575));
#2522=CARTESIAN_POINT('',(-0.00325,0.00625,-0.00575));
#2523=CARTESIAN_POINT('',(-0.00325,0.00625,-0.00575));
#2524=CARTESIAN_POINT('',(-0.00325,0.00575,-0.00575));
#2525=CARTESIAN_POINT('',(0.,0.00636569895181232,-0.00575));
#2526=CARTESIAN_POINT('',(-0.002,0.0078,-0.00575));
#2527=CARTESIAN_POINT('',(-0.002,0.0078,-0.00575));
#2528=CARTESIAN_POINT('',(-0.002,0.0073,-0.00575));
#2529=CARTESIAN_POINT('',(0.,0.00636569895181232,-0.00575));
#2530=CARTESIAN_POINT('',(-1.0842021724855E-19,0.00833741394347297,-0.00575));
#2531=CARTESIAN_POINT('',(-1.0842021724855E-19,0.00833741394347297,-0.00575));
#2532=CARTESIAN_POINT('',(-1.0842021724855E-19,0.00783741394347297,-0.00575));
#2533=CARTESIAN_POINT('',(0.,0.00636569895181232,-0.00575));
#2534=CARTESIAN_POINT('',(0.0015,0.004,-0.00575));
#2535=CARTESIAN_POINT('',(0.0015,0.004,-0.00575));
#2536=CARTESIAN_POINT('',(0.0015,0.0035,-0.00575));
#2537=CARTESIAN_POINT('',(0.,0.00636569895181232,-0.00575));
#2538=CARTESIAN_POINT('',(-0.0015,0.004,-0.00575));
#2539=CARTESIAN_POINT('',(-0.0015,0.004,-0.00575));
#2540=CARTESIAN_POINT('',(-0.0015,0.0035,-0.00575));
#2541=CARTESIAN_POINT('',(0.,0.00636569895181232,-0.00575));
#2542=CARTESIAN_POINT('',(-0.0034,-0.004,-0.0085));
#2543=CARTESIAN_POINT('',(-0.0034,-0.00375,-0.0085));
#2544=CARTESIAN_POINT('',(-0.00385,-0.00375,-0.0085));
#2545=CARTESIAN_POINT('',(1.7347234759768E-18,-0.004,-0.0071));
#2546=CARTESIAN_POINT('',(-0.0034,-0.004,-0.0085));
#2547=CARTESIAN_POINT('',(-0.0036,-0.004,-0.0085));
#2548=CARTESIAN_POINT('',(0.,-0.004,-0.00505));
#2549=CARTESIAN_POINT('',(-0.0011,-0.004,-0.00505));
#2550=CARTESIAN_POINT('',(-0.0011,-0.00375,-0.00505));
#2551=CARTESIAN_POINT('',(0.,-0.00375,-0.00505));
#2552=CARTESIAN_POINT('',(0.0011,-0.00375,-0.00505));
#2553=CARTESIAN_POINT('',(0.0011,-0.004,-0.00505));
#2554=CARTESIAN_POINT('',(-0.0011,-0.004,-0.0054));
#2555=CARTESIAN_POINT('',(-0.0011,-0.004,-0.00575));
#2556=CARTESIAN_POINT('',(-0.0011,-0.00375,-0.00575));
#2557=CARTESIAN_POINT('',(-0.0011,-0.00375,-0.00505));
#2558=CARTESIAN_POINT('',(0.,-0.004,-0.00575));
#2559=CARTESIAN_POINT('',(0.0011,-0.004,-0.00575));
#2560=CARTESIAN_POINT('',(0.0011,-0.00375,-0.00575));
#2561=CARTESIAN_POINT('',(-0.0011,-0.00375,-0.00575));
#2562=CARTESIAN_POINT('',(0.0011,-0.004,-0.0054));
#2563=CARTESIAN_POINT('',(0.0011,-0.00375,-0.0054));
#2564=CARTESIAN_POINT('',(1.7347234759768E-18,-0.004,-0.0071));
#2565=CARTESIAN_POINT('',(0.0011,-0.004,-0.0055));
#2566=CARTESIAN_POINT('',(-0.00085,-0.004,-0.0055));
#2567=CARTESIAN_POINT('',(0.00085,-0.004,-0.0055));
#2568=CARTESIAN_POINT('',(0.00085,-0.004,-0.0071));
#2569=CARTESIAN_POINT('',(0.00085,-0.004,-0.0053));
#2570=CARTESIAN_POINT('',(1.7347234759768E-18,-0.004,-0.0053));
#2571=CARTESIAN_POINT('',(-0.00085,-0.004,-0.0053));
#2572=CARTESIAN_POINT('',(-0.00085,-0.004,-0.00575));
#2573=CARTESIAN_POINT('',(0.0034,-0.004,-0.011));
#2574=CARTESIAN_POINT('',(0.0034,-0.00375,-0.011));
#2575=CARTESIAN_POINT('',(0.00295,-0.00375,-0.011));
#2576=CARTESIAN_POINT('',(1.7347234759768E-18,-0.004,-0.0071));
#2577=CARTESIAN_POINT('',(0.0034,-0.004,-0.011));
#2578=CARTESIAN_POINT('',(0.0032,-0.004,-0.011));
#2579=CARTESIAN_POINT('',(-0.0009,-0.004,-0.011));
#2580=CARTESIAN_POINT('',(-0.0009,-0.00375,-0.011));
#2581=CARTESIAN_POINT('',(-0.00135,-0.00375,-0.011));
#2582=CARTESIAN_POINT('',(1.7347234759768E-18,-0.004,-0.0071));
#2583=CARTESIAN_POINT('',(-0.0009,-0.004,-0.011));
#2584=CARTESIAN_POINT('',(-0.0011,-0.004,-0.011));
#2585=CARTESIAN_POINT('',(-0.0013,-0.004,-0.0085));
#2586=CARTESIAN_POINT('',(-0.0013,-0.00375,-0.0085));
#2587=CARTESIAN_POINT('',(-0.00175,-0.00375,-0.0085));
#2588=CARTESIAN_POINT('',(1.7347234759768E-18,-0.004,-0.0071));
#2589=CARTESIAN_POINT('',(-0.0013,-0.004,-0.0085));
#2590=CARTESIAN_POINT('',(-0.0015,-0.004,-0.0085));
#2591=CARTESIAN_POINT('',(0.0013,-0.004,-0.0085));
#2592=CARTESIAN_POINT('',(0.0013,-0.00375,-0.0085));
#2593=CARTESIAN_POINT('',(0.00085,-0.00375,-0.0085));
#2594=CARTESIAN_POINT('',(1.7347234759768E-18,-0.004,-0.0071));
#2595=CARTESIAN_POINT('',(0.0013,-0.004,-0.0085));
#2596=CARTESIAN_POINT('',(0.0011,-0.004,-0.0085));
#2597=CARTESIAN_POINT('',(0.0034,-0.004,-0.0085));
#2598=CARTESIAN_POINT('',(0.0034,-0.00375,-0.0085));
#2599=CARTESIAN_POINT('',(0.00295,-0.00375,-0.0085));
#2600=CARTESIAN_POINT('',(1.7347234759768E-18,-0.004,-0.0071));
#2601=CARTESIAN_POINT('',(0.0034,-0.004,-0.0085));
#2602=CARTESIAN_POINT('',(0.0032,-0.004,-0.0085));
#2603=CARTESIAN_POINT('',(-0.0034,-0.004,-0.011));
#2604=CARTESIAN_POINT('',(-0.0034,-0.00375,-0.011));
#2605=CARTESIAN_POINT('',(-0.00385,-0.00375,-0.011));
#2606=CARTESIAN_POINT('',(1.7347234759768E-18,-0.004,-0.0071));
#2607=CARTESIAN_POINT('',(-0.0034,-0.004,-0.011));
#2608=CARTESIAN_POINT('',(-0.0036,-0.004,-0.011));
#2609=CARTESIAN_POINT('',(0.0034,-0.00375,-0.0085));
#2610=CARTESIAN_POINT('',(0.0034,-0.00375,-0.011));
#2611=CARTESIAN_POINT('',(-0.0009,-0.00375,-0.011));
#2612=CARTESIAN_POINT('',(-0.0034,-0.00375,-0.011));
#2613=CARTESIAN_POINT('',(-0.0034,-0.00375,-0.0085));
#2614=CARTESIAN_POINT('',(-0.0013,-0.00375,-0.0085));
#2615=CARTESIAN_POINT('',(0.0013,-0.00375,-0.0085));
#2616=CARTESIAN_POINT('',(0.,-0.00375,-0.0053));
#2617=CARTESIAN_POINT('',(0.00085,-0.00375,-0.0053));
#2618=CARTESIAN_POINT('',(-0.00085,-0.00375,-0.0053));
#2619=CARTESIAN_POINT('',(-0.00085,-0.00375,-0.0071));
#2620=CARTESIAN_POINT('',(-0.00085,-0.00375,-0.0055));
#2621=CARTESIAN_POINT('',(0.00085,-0.00375,-0.0054));
#2622=CARTESIAN_POINT('',(0.00085,-0.00375,-0.0055));
#2623=CARTESIAN_POINT('',(1.7347234759768E-18,-0.00375,-0.0055));
#2624=CARTESIAN_POINT('',(0.,0.,0.));
#2625=CARTESIAN_POINT('',(0.,0.00639398396015167,-0.00075));
#2626=CARTESIAN_POINT('',(-0.0015,0.004,-0.00075));
#2627=CARTESIAN_POINT('',(-0.0015,0.0035,-0.00075));
#2628=CARTESIAN_POINT('',(0.0015,0.004,-0.00075));
#2629=CARTESIAN_POINT('',(0.0015,0.0035,-0.00075));
#2630=CARTESIAN_POINT('',(-1.0842021724855E-19,0.00833741394347297,-0.00075));
#2631=CARTESIAN_POINT('',(-1.0842021724855E-19,0.00783741394347297,-0.00075));
#2632=CARTESIAN_POINT('',(-0.002,0.0078,-0.00075));
#2633=CARTESIAN_POINT('',(-0.002,0.0073,-0.00075));
#2634=CARTESIAN_POINT('',(-0.00325,0.00625,-0.00075));
#2635=CARTESIAN_POINT('',(-0.00325,0.00575,-0.00075));
#2636=CARTESIAN_POINT('',(0.002,0.0078,-0.00075));
#2637=CARTESIAN_POINT('',(0.002,0.0073,-0.00075));
#2638=CARTESIAN_POINT('',(0.00325,0.00625,-0.00075));
#2639=CARTESIAN_POINT('',(0.00325,0.00575,-0.00075));
#2640=CARTESIAN_POINT('',(0.00295488755136147,0.00273701339028776,-0.00075));
#2641=CARTESIAN_POINT('',(0.0015,0.00273701339028776,-0.00075));
#2642=CARTESIAN_POINT('',(0.00340977510272294,0.00273701339028776,-0.00075));
#2643=CARTESIAN_POINT('',(1.0842021724855E-19,0.00639398396015167,-0.00075));
#2644=CARTESIAN_POINT('',(0.00075,0.011337413943473,-0.00075));
#2645=CARTESIAN_POINT('',(0.00075,0.010337413943473,-0.00075));
#2646=CARTESIAN_POINT('',(0.00075,0.00933741394347297,-0.00075));
#2647=CARTESIAN_POINT('',(-1.0842021724855E-19,0.00933741394347297,-0.00075));
#2648=CARTESIAN_POINT('',(-0.00075,0.00933741394347297,-0.00075));
#2649=CARTESIAN_POINT('',(-0.00075,0.010337413943473,-0.00075));
#2650=CARTESIAN_POINT('',(-0.00075,0.011337413943473,-0.00075));
#2651=CARTESIAN_POINT('',(-1.24683249835833E-18,0.00639398396015167,-0.00075));
#2652=CARTESIAN_POINT('',(-0.00345778026218201,0.00278236996382475,-0.00075));
#2653=CARTESIAN_POINT('',(-0.002978890131091,0.00278236996382475,-0.00075));
#2654=CARTESIAN_POINT('',(-0.0015,0.00278236996382475,-0.00075));
#2655=CARTESIAN_POINT('',(-0.0015,0.00220332895844585,-0.00075));
#2656=CARTESIAN_POINT('',(-0.0015,0.00162428795306694,-0.00075));
#2657=CARTESIAN_POINT('',(-2.16840434497101E-19,0.00639398396015167,-0.00075));
#2658=CARTESIAN_POINT('',(0.0015,0.00162428795306694,-0.00075));
#2659=CARTESIAN_POINT('',(0.0015,0.00218065067167735,-0.00075));
#2660=CARTESIAN_POINT('',(-0.0015,0.0055,-0.00075));
#2661=CARTESIAN_POINT('',(-0.0015,0.006,-0.00075));
#2662=CARTESIAN_POINT('',(-0.0015,0.005,-0.00075));
#2663=CARTESIAN_POINT('',(2.16840434497101E-19,0.006,-0.00075));
#2664=CARTESIAN_POINT('',(0.0015,0.006,-0.00075));
#2665=CARTESIAN_POINT('',(0.0015,0.0055,-0.00075));
#2666=CARTESIAN_POINT('',(0.0015,0.005,-0.00075));
#2667=CARTESIAN_POINT('',(2.16840434497101E-19,0.005,-0.00075));
#2668=CARTESIAN_POINT('',(-1.7347234759768E-18,0.0064,-0.0018));
#2669=CARTESIAN_POINT('',(-0.0015,0.004,-0.0018));
#2670=CARTESIAN_POINT('',(-0.0015,0.0035,-0.0018));
#2671=CARTESIAN_POINT('',(0.0015,0.004,-0.0018));
#2672=CARTESIAN_POINT('',(0.0015,0.0035,-0.0018));
#2673=CARTESIAN_POINT('',(-1.0842021724855E-19,0.00833741394347297,-0.0018));
#2674=CARTESIAN_POINT('',(-1.0842021724855E-19,0.00783741394347297,-0.0018));
#2675=CARTESIAN_POINT('',(-0.002,0.0078,-0.0018));
#2676=CARTESIAN_POINT('',(-0.002,0.0073,-0.0018));
#2677=CARTESIAN_POINT('',(-0.00325,0.00625,-0.0018));
#2678=CARTESIAN_POINT('',(-0.00325,0.00575,-0.0018));
#2679=CARTESIAN_POINT('',(0.002,0.0078,-0.0018));
#2680=CARTESIAN_POINT('',(0.002,0.0073,-0.0018));
#2681=CARTESIAN_POINT('',(0.00325,0.00625,-0.0018));
#2682=CARTESIAN_POINT('',(0.00325,0.00575,-0.0018));
#2683=CARTESIAN_POINT('',(-8.67361737988404E-19,0.0128,-0.0018));
#2684=CARTESIAN_POINT('',(-0.007,0.0128,-0.0018));
#2685=CARTESIAN_POINT('',(0.007,0.0128,-0.0018));
#2686=CARTESIAN_POINT('',(0.007,0.0064,-0.0018));
#2687=CARTESIAN_POINT('',(0.007,0.,-0.0018));
#2688=CARTESIAN_POINT('',(0.,0.,-0.0018));
#2689=CARTESIAN_POINT('',(-0.007,0.,-0.0018));
#2690=CARTESIAN_POINT('',(-0.007,0.0064,-0.0018));
#2691=CARTESIAN_POINT('',(-1.7347234759768E-18,0.006,-0.0018));
#2692=CARTESIAN_POINT('',(-0.0015,0.006,-0.0018));
#2693=CARTESIAN_POINT('',(0.0015,0.006,-0.0018));
#2694=CARTESIAN_POINT('',(-0.0015,0.0064,-0.0018));
#2695=CARTESIAN_POINT('',(-0.0015,0.005,-0.0018));
#2696=CARTESIAN_POINT('',(-1.7347234759768E-18,0.005,-0.0018));
#2697=CARTESIAN_POINT('',(0.0015,0.005,-0.0018));
#2698=CARTESIAN_POINT('',(0.0015,0.0064,-0.0018));
#2699=CARTESIAN_POINT('',(-8.67361737988404E-19,0.0128,-0.0018));
#2700=CARTESIAN_POINT('',(-8.67361737988404E-19,0.0128,0.));
#2701=CARTESIAN_POINT('',(-0.007,0.0128,0.));
#2702=CARTESIAN_POINT('',(0.007,0.0128,0.));
#2703=CARTESIAN_POINT('',(0.007,0.0128,-0.0018));
#2704=CARTESIAN_POINT('',(-0.007,0.0128,-0.0018));
#2705=CARTESIAN_POINT('',(-0.007,0.0064,-0.0018));
#2706=CARTESIAN_POINT('',(-0.007,0.0064,0.));
#2707=CARTESIAN_POINT('',(-0.007,0.,0.));
#2708=CARTESIAN_POINT('',(-0.007,0.,-0.0018));
#2709=CARTESIAN_POINT('',(0.,0.,-0.0018));
#2710=CARTESIAN_POINT('',(0.,0.,0.));
#2711=CARTESIAN_POINT('',(0.007,0.,0.));
#2712=CARTESIAN_POINT('',(0.007,0.,-0.0018));
#2713=CARTESIAN_POINT('',(0.007,0.0064,-0.0018));
#2714=CARTESIAN_POINT('',(0.007,0.0064,0.));
#2715=CARTESIAN_POINT('',(-1.7347234759768E-18,0.0064,0.));
#2716=CARTESIAN_POINT('',(0.,0.00639398396015167,0.));
#2717=CARTESIAN_POINT('',(0.,0.000893983960151671,0.));
#2718=CARTESIAN_POINT('',(0.,0.00639398396015167,-0.00025));
#2719=CARTESIAN_POINT('',(0.,0.00639398396015167,-0.00025));
#2720=CARTESIAN_POINT('',(0.,0.000893983960151671,-0.00025));
#2721=CARTESIAN_POINT('',(-1.7347234759768E-18,0.0064,-0.00025));
#2722=CARTESIAN_POINT('',(0.00295488755136147,0.00273701339028776,-0.00025));
#2723=CARTESIAN_POINT('',(0.0015,0.00273701339028776,-0.00025));
#2724=CARTESIAN_POINT('',(0.00340977510272294,0.00273701339028776,-0.00025));
#2725=CARTESIAN_POINT('',(0.0015,0.00218065067167735,-0.00025));
#2726=CARTESIAN_POINT('',(0.0015,0.00162428795306694,-0.00025));
#2727=CARTESIAN_POINT('',(-2.16840434497101E-19,0.00639398396015167,-0.00025));
#2728=CARTESIAN_POINT('',(-0.0015,0.00162428795306694,-0.00025));
#2729=CARTESIAN_POINT('',(-0.0015,0.00220332895844585,-0.00025));
#2730=CARTESIAN_POINT('',(-0.0015,0.00278236996382475,-0.00025));
#2731=CARTESIAN_POINT('',(-0.002978890131091,0.00278236996382475,-0.00025));
#2732=CARTESIAN_POINT('',(-0.00345778026218201,0.00278236996382475,-0.00025));
#2733=CARTESIAN_POINT('',(-1.24683249835833E-18,0.00639398396015167,-0.00025));
#2734=CARTESIAN_POINT('',(-0.00075,0.011337413943473,-0.00025));
#2735=CARTESIAN_POINT('',(-0.00075,0.010337413943473,-0.00025));
#2736=CARTESIAN_POINT('',(-0.00075,0.00933741394347297,-0.00025));
#2737=CARTESIAN_POINT('',(-1.0842021724855E-19,0.00933741394347297,-0.00025));
#2738=CARTESIAN_POINT('',(0.00075,0.00933741394347297,-0.00025));
#2739=CARTESIAN_POINT('',(0.00075,0.010337413943473,-0.00025));
#2740=CARTESIAN_POINT('',(0.00075,0.011337413943473,-0.00025));
#2741=CARTESIAN_POINT('',(1.0842021724855E-19,0.00639398396015167,-0.00025));
#2742=CARTESIAN_POINT('',(0.00295488755136147,0.00273701339028776,-0.00075));
#2743=CARTESIAN_POINT('',(0.00340977510272294,0.00273701339028776,-0.00075));
#2744=CARTESIAN_POINT('',(0.0015,0.00273701339028776,-0.00075));
#2745=CARTESIAN_POINT('',(1.0842021724855E-19,0.00639398396015167,-0.00075));
#2746=CARTESIAN_POINT('',(0.00075,0.011337413943473,-0.00075));
#2747=CARTESIAN_POINT('',(0.00075,0.010337413943473,-0.00075));
#2748=CARTESIAN_POINT('',(0.00075,0.00933741394347297,-0.00075));
#2749=CARTESIAN_POINT('',(-1.0842021724855E-19,0.00933741394347297,-0.00075));
#2750=CARTESIAN_POINT('',(-0.00075,0.00933741394347297,-0.00075));
#2751=CARTESIAN_POINT('',(-0.00075,0.010337413943473,-0.00075));
#2752=CARTESIAN_POINT('',(-0.00075,0.011337413943473,-0.00075));
#2753=CARTESIAN_POINT('',(-1.24683249835833E-18,0.00639398396015167,-0.00075));
#2754=CARTESIAN_POINT('',(-0.00345778026218201,0.00278236996382475,-0.00075));
#2755=CARTESIAN_POINT('',(-0.002978890131091,0.00278236996382475,-0.00075));
#2756=CARTESIAN_POINT('',(-0.0015,0.00278236996382475,-0.00075));
#2757=CARTESIAN_POINT('',(-0.0015,0.00220332895844585,-0.00075));
#2758=CARTESIAN_POINT('',(-0.0015,0.00162428795306694,-0.00075));
#2759=CARTESIAN_POINT('',(-2.16840434497101E-19,0.00639398396015167,-0.00075));
#2760=CARTESIAN_POINT('',(0.0015,0.00162428795306694,-0.00075));
#2761=CARTESIAN_POINT('',(0.0015,0.00218065067167735,-0.00075));
#2762=CARTESIAN_POINT('',(2.16840434497101E-19,0.006,-0.00575));
#2763=CARTESIAN_POINT('',(0.0015,0.006,-0.00575));
#2764=CARTESIAN_POINT('',(-0.0015,0.006,-0.00575));
#2765=CARTESIAN_POINT('',(-0.0015,0.0055,-0.00575));
#2766=CARTESIAN_POINT('',(-0.0015,0.005,-0.00575));
#2767=CARTESIAN_POINT('',(2.16840434497101E-19,0.005,-0.00575));
#2768=CARTESIAN_POINT('',(0.0015,0.005,-0.00575));
#2769=CARTESIAN_POINT('',(0.0015,0.0055,-0.00575));
#2770=CARTESIAN_POINT('',(0.00325,0.00625,-0.00575));
#2771=CARTESIAN_POINT('',(0.002,0.0078,-0.00575));
#2772=CARTESIAN_POINT('',(-0.00325,0.00625,-0.00575));
#2773=CARTESIAN_POINT('',(-0.002,0.0078,-0.00575));
#2774=CARTESIAN_POINT('',(-1.0842021724855E-19,0.00833741394347297,-0.00575));
#2775=CARTESIAN_POINT('',(0.0015,0.004,-0.00575));
#2776=CARTESIAN_POINT('',(-0.0015,0.004,-0.00575));
#2777=MECHANICAL_DESIGN_GEOMETRIC_PRESENTATION_REPRESENTATION('',(#1366,
#1195,#1196,#1197,#1198,#1199,#1200,#1201,#1202,#1203,#1204,#1205,#1206,
#1207,#1208,#1209,#1210,#1211,#1212,#1213,#1214,#1215,#1216,#1217,#1218,
#1219,#1220,#1221,#1222,#1223,#1224,#1225,#1226,#1227,#1228,#1229,#1230,
#1231,#1232,#1233,#1234,#1235,#1236,#1237,#1238,#1239,#1240,#1241,#1242,
#1243,#1244,#1245,#1246,#1247,#1248),#2779);
#2778=MECHANICAL_DESIGN_GEOMETRIC_PRESENTATION_REPRESENTATION('',(#1367,
#1249,#1250,#1251,#1252,#1253,#1254,#1255,#1256,#1257,#1258,#1259,#1260,
#1261,#1262,#1263,#1264,#1265,#1266,#1267,#1268,#1269,#1270,#1271,#1272,
#1273,#1274,#1275,#1276,#1277,#1278),#2780);
#2779=(
GEOMETRIC_REPRESENTATION_CONTEXT(3)
GLOBAL_UNCERTAINTY_ASSIGNED_CONTEXT((#2781))
GLOBAL_UNIT_ASSIGNED_CONTEXT((#2787,#2785,#2783))
REPRESENTATION_CONTEXT('Part 2','TOP_LEVEL_ASSEMBLY_PART')
);
#2780=(
GEOMETRIC_REPRESENTATION_CONTEXT(3)
GLOBAL_UNCERTAINTY_ASSIGNED_CONTEXT((#2782))
GLOBAL_UNIT_ASSIGNED_CONTEXT((#2788,#2786,#2784))
REPRESENTATION_CONTEXT('Part 1','TOP_LEVEL_ASSEMBLY_PART')
);
#2781=UNCERTAINTY_MEASURE_WITH_UNIT(LENGTH_MEASURE(1.E-8),#2787,
'DISTANCE_ACCURACY_VALUE','Maximum Tolerance applied to model');
#2782=UNCERTAINTY_MEASURE_WITH_UNIT(LENGTH_MEASURE(1.E-8),#2788,
'DISTANCE_ACCURACY_VALUE','Maximum Tolerance applied to model');
#2783=(
NAMED_UNIT(*)
SI_UNIT($,.STERADIAN.)
SOLID_ANGLE_UNIT()
);
#2784=(
NAMED_UNIT(*)
SI_UNIT($,.STERADIAN.)
SOLID_ANGLE_UNIT()
);
#2785=(
NAMED_UNIT(*)
PLANE_ANGLE_UNIT()
SI_UNIT($,.RADIAN.)
);
#2786=(
NAMED_UNIT(*)
PLANE_ANGLE_UNIT()
SI_UNIT($,.RADIAN.)
);
#2787=(
LENGTH_UNIT()
NAMED_UNIT(*)
SI_UNIT($,.METRE.)
);
#2788=(
LENGTH_UNIT()
NAMED_UNIT(*)
SI_UNIT($,.METRE.)
);
#2789=PRODUCT_DEFINITION_SHAPE('','',#2791);
#2790=PRODUCT_DEFINITION_SHAPE('','',#2792);
#2791=PRODUCT_DEFINITION('','',#2795,#2793);
#2792=PRODUCT_DEFINITION('','',#2796,#2794);
#2793=PRODUCT_DEFINITION_CONTEXT('',#2807,'design');
#2794=PRODUCT_DEFINITION_CONTEXT('',#2808,'design');
#2795=PRODUCT_DEFINITION_FORMATION_WITH_SPECIFIED_SOURCE('','',#2799,
 .NOT_KNOWN.);
#2796=PRODUCT_DEFINITION_FORMATION_WITH_SPECIFIED_SOURCE('','',#2800,
 .NOT_KNOWN.);
#2797=PRODUCT_RELATED_PRODUCT_CATEGORY('','',(#2799));
#2798=PRODUCT_RELATED_PRODUCT_CATEGORY('','',(#2800));
#2799=PRODUCT('Part 2','Part 2','Part 2',(#2803));
#2800=PRODUCT('Part 1','Part 1','Part 1',(#2804));
#2801=PRODUCT_CATEGORY('','');
#2802=PRODUCT_CATEGORY('','');
#2803=PRODUCT_CONTEXT('',#2807,'mechanical');
#2804=PRODUCT_CONTEXT('',#2808,'mechanical');
#2805=APPLICATION_PROTOCOL_DEFINITION('international standard',
'ap242_managed_model_based_3d_engineering',2020,#2807);
#2806=APPLICATION_PROTOCOL_DEFINITION('international standard',
'ap242_managed_model_based_3d_engineering',2020,#2808);
#2807=APPLICATION_CONTEXT('managed model based 3d engineering');
#2808=APPLICATION_CONTEXT('managed model based 3d engineering');
ENDSEC;
END-ISO-10303-21;
